Codigo_CVM;Codigo_Negociacao;Nome_Empresarial;Setor_Atividade;CNPJ_Companhia;Pagina_Web;Descricao_Atividade
1023;BBAS3;BANCO BRASIL;Bancos;00.000.000/0001-91;www.bb.com.br;Banco Múltiplo
14206;BSLI3 BSLI4;BRB BANCO DE BRASILIA;Bancos;00.000.208/0001-00;www.brb.com.br;O BRB é uma instituição financeira de economia mista, controlada pelo Governo do Distrito Federal, organizada sob a forma de banco múltiplo
2437;ELET6 ELET5;CENTRAIS ELET BRAS - ELETROBRAS;Energia Elétrica;00.001.180/0001-26;www.eletrobras.com;Empresa Holding de Geração, Transmissão de Energia
14451;CEBR3 CEBR6 CEBR5;CIA ENERGETICA DE BRASILIA;Energia Elétrica;00.070.698/0001-11;www.ceb.com.br;HOLDING/GERAÇÃO E DISTRIBUIÇÃO DE ENERGIA ELÉTRICA
14818;CMFA3 CMFA4;CIMS;Emp. Adm. Part. - Energia Elétrica;00.272.185/0001-93;www.cims.com.br;Participação no Capital de Outras Empresas
11258;TELB3 TELB4;TELEC BRASILEIRAS TELEBRAS;Telecomunicações;00.336.701/0001-04;www.telebras.com.br;Consecução e execução das Políticas Públicas de Telecomunicação (Decreto 9.612/2018).
15423;ATOM3;ATOM EMPREENDIMENTOS E PARTICIPAÇÕES;Emp. Adm. Part. - Sem Setor Principal;00.359.742/0001-08;www.atompar.com.br;Holding de instituições não financeiras.
24406;BIDI3 BIDI4 BIDI11;BANCO INTER;Bancos;00.416.968/0001-01;http://ri.bancointer.com.br/;Banco múltiplo com carteira de crédito, financiamento, investimento, câmbio e plataforma de produtos e serviços financeiros e não financeiros.
22594;STKF3;STATKRAFT ENERGIAS RENOVAVEIS;Energia Elétrica;00.622.416/0001-41;www.statkraft.com.br;A Companhia atua no ramo de geração de energia elétrica por meio de fontes renováveis.
20990;BTOW3;B2W - COMPANHIA DIGITAL;Comércio (Atacado e Varejo);00.776.574/0001-56;http://www.b2wdigital.com;Comércio varejista e atacadista em geral de quaisquer bens e serviços através de diversos meios, em especial da Internet, sem restrição a outros meios.
15253;ENGI3 ENGI4 ENGI11;ENERGISA;Emp. Adm. Part. - Energia Elétrica;00.864.214/0001-06;https://ri.energisa.com.br/;Sociedade de participações em outras empresas, predominantemente em distribuidoras de energia elétrica.
15369;VSPT3 VSPT4;FERROVIA CENTRO-ATLANTICA;Serviços Transporte e Logística;00.924.429/0001-75;https://www.vli-logistica.com.br/relacoes-investidores/;Serviço de Transporte Ferroviário
21733;CIEL3;CIELO;Intermediação Financeira;01.027.058/0001-91;www.cielo.com.br;Empresa prestadora de serviços de adquirência e meios de pagamento.
15539;NEOE3;NEOENERGIA;Emp. Adm. Part. - Energia Elétrica;01.083.200/0001-18;http://ri.neoenergia.com/;Participação em outras sociedades
15784;LIPR3;ELETROBRÁS PARTICIPAÇÕES - ELETROPAR;Emp. Adm. Part. - Energia Elétrica;01.104.937/0001-70;www.eletrobraspar.com;A ELETROPAR tem por objeto social principal a participação no capital social da ELETROPAULO - Eletricidade de São Paulo S.A., concessionária de serviços pub. de energia elét., e de outras sociedades.
24660;BBML3;BBM Logística;Serviços Transporte e Logística;01.107.327/0001-20;www.bbmlogística.com.br;Prestação de serviços logísticos através de operações dedicadas e transporte de carga geral fracionada.
16101;GAFS3;GAFISA;Construção Civil, Mat. Constr. e Decoração;01.545.826/0001-07;www.gafisa.com.br;
6041;FIGE3 FIGE4;INVESTIMENTOS BEMGE;Emp. Adm. Part. - Bancos;01.548.981/0001-79;www.itau.com.br/relacoes-com-investidores/informacoes-financeiras/investimentos-bemge;Investimentos
25160;SEQL3;SEQUOIA LOGÍSTICA E TRANSPORTES;Serviços Transporte e Logística;01.599.101/0001-93;https://ri.sequoialog.com.br;Logística,transporte rodoviário de cargas em geral, municipal, intermunicipal, estadual e interestadual, serviços de entrega rápida e carga e descarga, dentre outros.
20044;CARD3;CSU CARDSYSTEM;Emp. Adm. Part. - Sem Setor Principal;01.896.779/0001-38;www.csu.com.br;Terceirização em administração e processamento de meios eletrônicos de pagamento, Infraestrutura e gestão em terceirização de contact center, Desenvolvimento e gestão operacional de programas market
18708;PEAB3 PEAB4;CIA PARTICIPACOES ALIANCA DA BAHIA;Emp. Adm. Part. - Sem Setor Principal;01.938.783/0001-11;http://www.aliancaparticipacoes.com.br;Participações em outras sociedades, na qualidade de sócia e/ou quotista e administração de bnes próprios
16497;ECPR3 ECPR4;EMPRESA NAC COM REDITO PARTENCORPAR;Emp. Adm. Part. - Têxtil e Vestuário;01.971.614/0001-83;http://www.encorpar.com.br/;Holding
16659;PSSA3;PORTO SEGURO;Emp. Adm. Part. - Seguradoras e Corretoras;02.149.205/0001-69;www.portoseguro.com.br;Gestão de Participações Societárias (holding)
16632;DEXP3 DEXP4;DEXXOS PARTICIPAÇÕES;Emp. Adm. Part. - Petroquímicos e Borracha;02.193.750/0001-52;www.dexxos.com.br;Holding de instituições não-financeiras
16993;EMAE3 EMAE4;EMAE - EMPRESA METROP.AGUAS ENERGIA;Energia Elétrica;02.302.101/0001-42;http://emae.globalri.com.br;Produção de Energia Elétrica
17485;EKTR3 EKTR4;ELEKTRO REDES;Energia Elétrica;02.328.280/0001-97;http://ri.neoenergia.com/;Distribuição de Energia Elétrica
20800;TGMA3;TEGMA GESTAO LOGISTICA;Serviços Transporte e Logística;02.351.144/0001-18;www.tegma.com.br;Prestação de serviços de logística para a indústria automotiva, gerenciamento de estoques e pátios, atividades de armazém geral, PDI, dentre outras.
24910;LWSA3;LOCAWEB SERVIÇOS DE INTERNET;Comunicação e Informática;02.351.877/0001-52;www.locaweb.com.br;
24872;LMED3;LIFEMED INDUSTRIAL DE EQUIP. E ART. MEDICOS E HOSP. S.A;Máquinas, Equipamentos, Veículos e Peças;02.357.251/0001-53;www.lifemed.com.br;Fabricação de instrumentos não eletronicos e utensilios para uso médico, odontológico e delaboratório
18414;PDTC3 PDTC3;PADTEC HOLDING;Emp. Adm. Part. - Comunicação e Informática;02.365.069/0001-44;www.padtec.com.br;Participação em outras sociedades, fdos de investimento, carteiras de valores mobiliários ou outros veículos de investimento, que atuem na área de tecnologia, em especial na Padtec S.A.
17450;RAIL3;RUMO;Emp. Adm. Part. - Serviços Transporte e Logística;02.387.241/0001-60;www.rumolog.com;Prestar serviços de transporte de cargas através dos modais ferroviário e rodoviário, dentre outros, isoladamente ou combinados entre si de forma intermodal ou multimodal, entre outros.
24929;TIMS3;TIM;Telecomunicações;02.421.421/0001-11;www.tim.com.br/ri;
18660;CPFE3;CPFL ENERGIA;Emp. Adm. Part. - Energia Elétrica;02.429.144/0001-93;www.cpfl.com.br;Gestão de Participações Societárias (Holdings)
17329;EGIE3;ENGIE BRASIL ENERGIA;Energia Elétrica;02.474.103/0001-19;www.engie.com.br/investidores;GERAÇÃO E COMERCIALIZAÇÃO DE ENERGIA ELÉTRICA
17671;VIVT3;TELEFÔNICA BRASIL S.A;Telecomunicações;02.558.157/0001-62;www.telefonica.com.br;Prestação de serviços de telecomunicações, exploração de serviços de valor adicionado e soluções integradas.
25496;JALL3;JALLES MACHADO;Agricultura (Açúcar, Álcool e Cana);02.635.522/0001-95;ri@jallesmachados.com;Exploração agrícola industrial e comercial em todas as suas modalidades, especialmente no que diz respeito à produção de cana-de-açúcar, seus subprodutos, em especial do açúcar e do álcool.
18538;MNZC3B;TERMINAL GARAGEM MENEZES CORTES;Serviços Transporte e Logística;02.664.042/0001-52;;
17914;MMXM3;MMX MINERACAO E METALICOS - EM RECUPERAÇÃO JUDICIAL;Extração Mineral;02.762.115/0001-49;www.mmx.com.br;Mineração de Minério de Ferro
17892;STPB3;SANTOS BRASIL PARTICIPACOES;Emp. Adm. Part. - Serviços Transporte e Logística;02.762.121/0001-04;www.santosbrasil.com.br;A Companhia tem por objeto a exploração comercial de instalação portuária através de operações com contêineres, carga geral ou afins e a participação em outras sociedades.
17973;COGN3;COGNA EDUCAÇÃO;Emp. Adm. Part. - Educação;02.800.026/0001-40;http://ri.cogna.com.br/;A Companhia tem por objeto a participação, como sócia ou acionista, em sociedades que explorem a administração de atividades de educação.
18821;CCRO3;CCR;Emp. Adm. Part. - Serviços Transporte e Logística;02.846.056/0001-97;www.ccr.com.br;Prestadora de serviços públicos por meio de concessões rodoviária, metroviária e aeroportuária, além de prestação de serviços de meio de pagamentos e outros.
22454;SHOW3;T4F ENTRETENIMENTO;Brinquedos e Lazer;02.860.694/0001-62;www.ri.t4f.com.br;Atuação no setor de entretenimento ao vivo, através da operação de casas de espetáculos e de bilheterias, da comercialização de alimentos, bebidas e produtos promocionais e da negociação de patrocínio
20575;JBSS3;JBS;Alimentos;02.916.265/0001-60;www.jbs.com.br;
21431;HYPE3;HYPERA;Farmacêutico e Higiene;02.932.074/0001-91;www.hypera.com.br/ri;Fabricacão de Medicamentos Alopáticos para uso humano
20478;PDGR3;PDG REALTY EMPREEND E PARTICIPACOES - Em Rec Judicial;Emp. Adm. Part. - Const. Civil, Mat. Const. e Decoração;02.950.811/0001-89;www.pdg.com.br/ri;
18368;GEPA3 GEPA4;RIO PARANAPANEMA ENERGIA;Energia Elétrica;02.998.301/0001-81;http://www.paranapanemaenergia.com.br;Geração e Comercialização de energia elétrica
18376;TRPL3 TRPL4;CTEEP - CIA TRANSMISSÃO ENERGIA ELÉTRICA PAULISTA;Energia Elétrica;02.998.611/0001-04;http://www.isacteep.com.br/ri - http://www.isacteep.com.br;Transmissão de Energia Elétrica
19330;TPIS3;TPI - TRIUNFO PARTICIP. E INVEST.;Emp. Adm. Part. - Serviços Transporte e Logística;03.014.553/0001-91;www.triunfo.com;A Triunfo atua nos segmentos de concessões rodoviárias, aeroportuária, geração de energia eadministração portuária.
20010;EQTL3;EQUATORIAL ENERGIA;Energia Elétrica;03.220.438/0001-73;www.equatorialenergia.com.br;Empresa holding com atuação no setor elétrico
18597;DTCY3;DTCOM - DIRECT TO COMPANY;Telecomunicações;03.303.999/0001-36;www.dtcom.com.br;TREINAMENTO EM DESENVOLVIMENTO PROFISSIONAL E GERENCIAL
25780;RECV3;PETRORECÔNCAVO;Emp. Adm. Part. - Petróleo e Gás;03.342.704/0001-30;www.petroreconcavo.com.br/;Exploração e produção de petróleo e gás natural
19879;LIGT3;LIGHT;Emp. Adm. Part. - Energia Elétrica;03.378.521/0001-75;www.light.com.br;Participação em sociedades p/ exploração serviços de energia elétrica
14605;ENMT3 ENMT4;ENERGISA MATO GROSSO-DISTRIBUIDORA DE ENERGIA;Energia Elétrica;03.467.321/0001-99;https://ri.energisa.com.br/;Distribuição de energia elétrica
18724;BRAP3 BRAP4;BRADESPAR;Emp. Adm. Part. - Extração Mineral;03.847.461/0001-92;www.bradespar.com;Participação como sócia ou acionista de outras Sociedades.
20788;MRFG3;MARFRIG GLOBAL FOODS;Alimentos;03.853.896/0001-40;;Produção e distribuição de alimentos à base de carne bovina, suína, ovina e avícola, in natura, elaborados e processados, couros semi-terminados e terminados, além de outros produtos alimentícios.
19763;ENBR3;EDP - ENERGIAS DO BRASIL;Energia Elétrica;03.983.431/0001-03;www.edpbr.com.br;Área de Negócios: Geração, Distribuição, Transmissão e Comercialização de Energia Elétrica
19119;CABI3B;CABINDA PARTICIPACOES;Emp. Adm. Part. - Sem Setor Principal;04.030.182/0001-02;www.cabinda.net.br;A Companhia tem por objeto social a participação em outras sociedades, comerciais e civis, como sócia, acionista ou quotista, no país ou no exterior.
19135;CACO3B;CACONDE PARTICIPACOES;Emp. Adm. Part. - Sem Setor Principal;04.031.213/0001-31;www.cacondeparticipacoes.net.br;A Companhia tem por objeto social a participação em outras sociedades comerciais e civis, como sócia, acionista ou quotista, no país ou no exterior.
19097;CAIA3B;CAIANDA PARTICIPACOES;Emp. Adm. Part. - Sem Setor Principal;04.038.763/0001-82;www.caianda.com.br;A Companhia tem por objeto Social a participação em outras sociedades, comerciais e civis, como sócia, acionista ou quotista, no país ou no exterior.
18970;TIET3 TIET4;AES TIETE ENERGIA SA;Emp. Adm. Part. - Energia Elétrica;04.128.563/0001-10;http://ri.aesbrasil.com.br;Geração e Comercialização de Energia Elétrica
19453;ECOR3;ECORODOVIAS INFRAESTRUTURA E LOGÍSTICA;Serviços Transporte e Logística;04.149.454/0001-80;www.ecorodovias.com.br;Exploração direta ou indireta de negócios de concessão de obras e serviços públicos e organização logísitica do transporte de carga.
21237;ENEV3;ENEVA S.A;Energia Elétrica;04.423.567/0001-21;www.eneva.com.br;Empresa de recursos naturais e de geração de energia elétrica. Integração vertical na geração de energia elétrica.
19305;BIOM3;BIOMM;Farmacêutico e Higiene;04.752.991/0001-10;www.biomm.com;Licenciamento de tecnologia para produção de proteínas terapêuticas recombinantes, especialmente insulina.
20613;FRIO3;METALFRIO SOLUTIONS;Máquinas, Equipamentos, Veículos e Peças;04.821.041/0001-08;www.metalfrio.com.br;FABRICAÇÃO E COMERCIALIAZAÇÃO DE GELADEIRAS E SIMILARES, DE MÁQUINAS DE VENDAS AUTOMÁTICAS, COMPONENTES E PEÇAS
18309;CELP3 CELP7 CELP5 CELP6;EQUATORIAL PARÁ DISTRIBUIDORA DE ENERGIA;Energia Elétrica;04.895.728/0001-80;www.celpa.com.br;Distribuição de energia elétrica
922;BAZA3;BANCO AMAZONIA;Bancos;04.902.979/0001-44;www.bancoamazonia.com.br;
1171;BPAR3;BANCO ESTADO DO PARA;Bancos;04.913.711/0001-08;;
23221;SEER3;SER EDUCACIONAL;Educação;04.986.320/0001-13;www.sereducacional.com/ri;Desenvolvimento e a administração de atividades e instituições no setor de educação e outrasáreas associadas administração de bens e negócios próprios e participação em outrassociedades.
24392;HAPV3;HAPVIDA PARTICIPAÇÕES E INVESTIMENTOS;Serviços médicos;05.197.443/0001-38;https://www.hapvida.com.br;Participação, como sócia ou acionista, em outras empresas, predominantemente de assistência médica, bem como a realização de investimentos diretos e a exploração de atividades de prestação de serviços
24252;SMLS3;SMILES FIDELIDADE;Comércio (Atacado e Varejo);05.730.375/0001-20;http://ri.smiles.com.br/;Programa de fidelização que reúne, em único ambiente ou plataforma, diversos Parceiros e/ou outros programas de fidelização, permitindo que seus clientes possam acumular bem como trocar milhas.
20354;TESA3;TERRA SANTA AGRO;Agricultura (Açúcar, Álcool e Cana);05.799.312/0001-20;www.terrasantaagro.com;- produção e comércio de produtos vegetais (soja, milho e algodão)- industrialização e comércio de biocombustíveis, óleo vegetal e subprodutos
22357;ALSO3;Aliansce Sonae Shopping Centers;Emp. Adm. Part. - Comércio (Atacado e Varejo);05.878.397/0001-32;www.alianscesonae.com.br;Planejamento, desenvolvimento, implantação e investimentos na área imobiliária, nomeadamente em Shopping Centers e a participação em outras sociedades e/ou em fundos de investimento imobiliário.
24821;RDOR3;Rede D'Or São Luiz;Serviços médicos;06.047.087/0001-39;www.rededorsaoluiz.com.br;
25372;ASAI3;SENDAS DISTRIBUIDORA;Comércio (Atacado e Varejo);06.057.223/0001-71;www.assai.com.br;Atacadista de autosserviços
19569;GOLL4;GOL LINHAS AEREAS INTELIGENTES;Emp. Adm. Part. - Serviços Transporte e Logística;06.164.253/0001-87;www.voegol.com.br/ri;Gestão de Participação Societária
22608;PGMN3;EMPREENDIMENTOS PAGUE MENOS;Comércio (Atacado e Varejo);06.626.253/0001-51;http://paguemenos.com.br/ri;Comércio de produtos farmacêuticos, perfumarias e afins, sem manipulação de fórmulas.
23035;LINX3;LINX;Comunicação e Informática;06.948.969/0001-75;www.linx.com.br;
19909;BRML3;BR MALLS PARTICIPACOES;Emp. Adm. Part. - Comércio (Atacado e Varejo);06.977.745/0001-91;www.brmalls.com.br;Holding
19925;BRPR3;BR PROPERTIES;Emp. Adm. Part. - Sem Setor Principal;06.977.751/0001-49;www.brpr.com.br;Compra, venda e incorp. de imóveis comerciais prontos ou a construir admin de imóveis próprios ou de terceiros arrendamento, exploração com, locação sub-locação de imóveis comerciais própr. e outros
14869;COCE3 COCE5;CIA ENERGETICA DO CEARA - COELCE;Energia Elétrica;07.047.251/0001-70;http://www.eneldistribuicao.com.br/ce/;Distribuição de energia elétrica.
20338;MDIA3;M.DIAS BRANCO IND COM DE ALIMENTOS;Alimentos;07.206.816/0001-15;www.mdiasbranco.com.br;PRODUÇÃO E COMERCIALIZAÇÃO DE BISCOITOS, MASSAS, FARINHA DE TRIGO E FARELO, MARGARINAS E GORDURAS, BOLOS, SNACKS, MISTURA PARA BOLOS E TORRADAS.
1228;BNBR3;BANCO NORDESTE DO BRASIL;Bancos;07.237.373/0001-20;www.bnb.gov.br;Banco Múltiplo com Carteira Comercial
25003;SIMH3;SIMPAR;Serviços Transporte e Logística;07.415.333/0001-20;http://ri.simpar.com.br/pt-br;Participação em outras sociedades empresariais, como sócia ou acionista.
23965;CNSY3;CINESYSTEM;Brinquedos e Lazer;07.437.016/0001-05;www.cinesystem.com.br/ri;A Companhia tem como principais atividades a prestação de serviços de cinematografia e a revenda de mercadorias de bombonière.
23264;ABEV3;AMBEV;Bebidas e Fumo;07.526.557/0001-00;http://ri.ambev.com.br;Fabricação e distribuição de cervejas, refrigerantes e bebidas não carbonatadas e não alcoólicas.
24260;SMFT3;SMARTFIT ESCOLA DE GINÁSTICA E DANÇA;Brinquedos e Lazer;07.594.978/0001-78;www.smartfit.com.br;A Companhia tem como atividade preponderante a prestação de serviços de condicionamento físico, por meio de academias de ginástica, musculação, dança e natação.
20087;EMBR3;EMBRAER;Máquinas, Equipamentos, Veículos e Peças;07.689.002/0001-89;www.embraer.com.br;Projeto, desenvolvimento, fabricação, comercialização de aeronaves e sistemas e fornecimento de suporte e serviços de pós-venda.
20966;SGPS3;SPRINGS GLOBAL PARTICIPACOES;Emp. Adm. Part. - Têxtil e Vestuário;07.718.269/0001-57;www.springs.com;
20982;MULT3;MULTIPLAN - EMPREEND IMOBILIARIOS;Emp. Adm. Part. - Const. Civil, Mat. Const. e Decoração;07.816.890/0001-53;http://ri.multiplan.com.br/;Administração de shopping centers
20630;CRDE3;CR2 EMPREENDIMENTOS IMOBILIARIOS;Construção Civil, Mat. Constr. e Decoração;07.820.907/0001-46;;Incorporação Imobiliária
20257;TAEE3 TAEE4 TAEE11;TRANSMISSORA ALIANÇA DE ENERGIA ELÉTRICA;Emp. Adm. Part. - Energia Elétrica;07.859.971/0001-30;www.taesa.com.br;Transmissão de Energia Elétrica.
24902;MTRE3;Mitre Realty Empreendimentos e Participações;Construção Civil, Mat. Constr. e Decoração;07.882.930/0001-65;www.mitrerealty.com.br;(a) Incorporação e comercialização de empreendimentos imobiliários de qualquer natureza, (b) loteamento de terrenos, (c) construção de condomínios
20184;CCXC3;CCX CARVÃO DA COLÔMBIA - EM LIQUIDAÇÃO;Emp. Adm. Part. - Extração Mineral;07.950.674/0001-04;www.ri.ccx.com.br;Desenvolvimento de projetos de carvão na Colômbia, incluindo, mas não se limitando a, pesquisa, exploração, lavra, beneficiamento, industrialização, transporte, exportação e comércio de carvão.
20435;TCSA3;TECNISA;Construção Civil, Mat. Constr. e Decoração;08.065.557/0001-12;www.tecnisa.com.br/ri;Incorporação, compra e venda de imóveis prontos e a construir a locação e administração de bens imóveis, construção de imóveis e a prestação de serviço de consultoria imobiliaria.
20370;LPSB3;LPS BRASIL - CONSULTORIA DE IMOVEIS;Emp. Adm. Part. - Const. Civil, Mat. Const. e Decoração;08.078.847/0001-09;www.lopes.com.br;Intermediação na compra, venda, permuta e locação de imóveis ou de direitos e obrigações a eles relativos.
23175;IGSN3;IGUA SANEAMENTO;Saneamento, Serv. Água e Gás;08.159.965/0001-33;www.ri.igua.com.br;Prestação de serviços públicos de água e esgoto.
20605;JHSF3;JHSF PARTICIPACOES;Emp. Adm. Part. - Const. Civil, Mat. Const. e Decoração;08.294.224/0001-65;http://ri.jhsf.com.br/;Empresa que investe no Brasil em negócios voltados a atender o público de alta renda, focada no desenvolvimento e administração de projetos de shopping centers, hotéis e e restaurantes e incorporação.
20770;EZTC3;EZ TEC EMPREEND. E PARTICIPACOES;Emp. Adm. Part. - Const. Civil, Mat. Const. e Decoração;08.312.229/0001-73;www.eztec.com.br/ri;(a) Incorporação e comercialização de empreendimentos imobiliários de qualquer natureza, (b) administração e locação de imóveis prórpios, (c) loteamento de terrenos, (d) construção de condomínios ...
18139;CSRN3 CSRN6 CSRN5;CIA ENERGETICA DO RIO GDE NORTE - COSERN;Energia Elétrica;08.324.196/0001-81;http://ri.neoenergia.com/;Serviço Público de Distribuição de Energia Elétrica
20915;MRVE3;MRV ENGENHARIA E PARTICIPACOES;Construção Civil, Mat. Constr. e Decoração;08.343.492/0001-20;www.mrv.com.br;Atividades de Incorporação e Construção
4669;GUAR3;GUARARAPES CONFECCOES;Têxtil e Vestuário;08.402.943/0001-52;www.riachuelo.com.br/ri;Confecções de roupas e tecidos em geral.
20648;CEED3 CEED4;CIA ESTADUAL DE DISTRIB ENER ELET-CEEE-D;Energia Elétrica;08.467.115/0001-00;www.ceee.com.br;Prestação de serviços de natureza pública ou privada, no setor de distribuição de energiaelétrica.
21636;RNEW3 RNEW4 RNEW11;RENOVA ENERGIA - EM RECUPERAÇÃO JUDICIAL;Energia Elétrica;08.534.605/0001-74;ri.renovaenergia.com.br;Geração de energia por meio de fontes renováveis.
21393;GPAR3;CIA CELG DE PARTICIPACOES - CELGPAR;Emp. Adm. Part. - Energia Elétrica;08.560.444/0001-93;http://ricelgpar.celggt.com/;Participação em outras sociedades como acionista ou sócio-cotista e, ainda, a explotação direta ou indireta de serviços de energia elétrica.
24546;PTCA3 PTCA11;PRÁTICA KLIMAQUIP INDÚSTRIA E COMÉRCIO;Emp. Adm. Part. - Máqs., Equip., Veíc. e Peças;08.574.411/0001-00;https://ri.praticabr.com/;A Companhia tem por objeto social: (i) a fabricação de fornos e equipamentos voltados para os mercados de panificação e gastronômico e (ii) a participação societária em outras companhias.
21180;BBRK3;BRASIL BROKERS PARTICIPACOES;Emp. Adm. Part. - Const. Civil, Mat. Const. e Decoração;08.613.550/0001-98;http://ri.brasilbrokers.com.br/;Participação em outras sociedades que atuem no setor imobiliário.
21008;GSHP3;GENERAL SHOPPING E OUTLETS DO BRASIL BRASIL;Comércio (Atacado e Varejo);08.764.621/0001-53;www.generalshopping.com.br;Administração de Shopping Centers
23612;MSRO3;MAESTRO LOCADORA DE VEICULOS;Serviços Transporte e Logística;08.795.211/0001-70;www.maestrofrotas.com.br;A Companhia presta serviços de locação de veículos e gestão de frotas.
25100;CURY3;Cury Construtora e Incorporadora;Construção Civil, Mat. Constr. e Decoração;08.797.760/0001-83;https://cury.net/;Somos uma companhia com foco na incorporação e construção de empreendimentos residenciais enquadrados no programa habitacional Minha Casa Minha Vida e Sistema Brasileiro de Poupança e Empréstimo-SBPE
21016;YDUQ3;YDUQS PARTICIPACOES;Emp. Adm. Part. - Educação;08.807.432/0001-10;www.yduqs.com.br;Desenvolve principalmente nas áreas de educação de nível superior, nas modalidades presencial e a distância, educação profissional e/ou outras áreas associadas à educação.
21130;TRIS3;TRISUL;Emp. Adm. Part. - Const. Civil, Mat. Const. e Decoração;08.811.643/0001-27;www.trisul-sa.com.br/ri;Incorporadora e Construtora
25585;CMIN3;CSN MINERAÇÃO;Extração Mineral;08.902.291/0001-15;www.ri.csnmineracao.com.br;Mineração e comercialização de minério de ferro, infraestrutura de transporte portuária geração de energia e participação em sociedades com objeto social compatível com o da Companhia.
23493;DMMO;DOMMO ENERGIA;Petróleo e Gás;08.926.302/0001-05;www.dommoenergia.com.br;A Companhia terá por objeto a exploração, produção e comercialização de petróleo e seus derivados, gás natural e outros hidrocarbonetos fluidos.
23272;LOGG3;LOG COMMERCIAL PROPERTIES E PARTICIPAÇÕES;Construção Civil, Mat. Constr. e Decoração;09.041.168/0001-10;http://www.logcp.com.br;Administração de bens próprios, prestação de serviços de engenharia e construção.Incorporação, construção comercialização e locação de imóveis.Participação em outras sociedades como sócia ou acionista
25500;BMOB3;BEMOBI MOBILE TECH;Comunicação e Informática;09.042.817/0001-05;ri.bemobi.com.br;Desenvolvimento e licenciamento de programas de computador não-customizáveis
25470;MOSI3;MOSAICO TECNOLOGIA AO CONSUMIDOR;Comunicação e Informática;09.083.175/0001-84;www.ri.mosaico.com.br;Intermediação e agenciamento de serviços/negócios em geral, tratamento de dados, provedores de serviços de aplicação e serviços de hospedagem na internet e consultoria em publicidade.
21342;OSXB3;OSX BRASIL;Emp. Adm. Part. - Sem Setor Principal;09.112.685/0001-32;www.osx.com.br;Equipamentos e Serviços para a indústria offshore de petróleo e gás natural.
25534;OPCT3;Oceanpact Serviços Maritimos;Petróleo e Gás;09.114.805/0001-30;https://oceanpact.com/;Serviços de suporte marítimo, incluindo soluções de meio ambiente, serviços submarinos e de apoio logístico e de engenharia para clientes de diversos setores, como óleo e gás, energia, mineração, tele
25798;KLAS3;KALLAS INCORPORAÇÕES E CONSTRUÇÕES;Construção Civil, Mat. Constr. e Decoração;09.146.451/0001-06;www.grupokallas.com.br;(a) incorporação, construção e comercialização de empreendimentos imobiliários de qualquer natureza (b) locação de imóveis próprios ou de terceiros (c) participação em outras sociedades.
23426;OMGE3;OMEGA GERAÇÃO;Emp. Adm. Part. - Energia Elétrica;09.149.503/0001-06;www.omegageracao.com.br;Geração de energia elétrica ou Participação, direta ou por meio de joint venture, consórcio ou qualquer outra sociedade, em ativos de energia elétrica que já tenham atingido a fase operacional
25712;GGPS3;GPS PARTICIPAÇÕES E EMPREENDIMENTOS;Emp. Adm. Part. - Sem Setor Principal;09.229.201/0001-30;www.gpssa.com.br;Administração patrimonial de bens e interesses próprios e de suas subsidiárias e coligadas participação em empreendimentos comerciais e industriais participação como acionista ou sócia de sociedade
23248;ANIM3;ANIMA HOLDING;Educação;09.288.252/0001-32;http://ri.animaeducacao.com.br/;Administração, direta ou indireta, de atividade de instituições de 3º e 4º graus, educaçãoprofissional.
22519;TECN3;TECHNOS;Comércio (Atacado e Varejo);09.295.063/0001-97;www.grupotechnos.com.br;A Companhia tem por objeto social a participação em outras sociedades, como sócia ou acionista, no país ou no exterior.
24112;AZUL4;AZUL;Emp. Adm. Part. - Serviços Transporte e Logística;09.305.994/0001-29;www.voeazul.com.br;Transporte e Logística
21610;B3SA3;B3 - BRASIL, BOLSA, BALCÃO;Bolsas de Valores/Mercadorias e Futuros;09.346.601/0001-25;http://www.b3.com.br/pt_br/;Principais atividades: administrar mercados organizados de títulos e valores mobiliários prestar serviços de registro, compensação e liquidação e de suporte à operações de financiamento
25569;ELEMD3;ELETROMIDIA;Emp. Adm. Part. - Comunicação e Informática;09.347.516/0001-81;ri.eletromidia.com.br;Prestação de serviços de distribuição e comercialização de painés eletrônicos e publicidade.
25399;NGRD3;NEOGRID PARTICIPAÇÕES;Comunicação e Informática;10.139.870/0001-08;www.neogrid.com/ri;Participação em outras empresas ou sociedades, negócios e empreendimentos desenvolvimento, licenciamento e implementação de softwares e prestação de serviços de assessoria técnica e de treinamento.
22691;LCAM3;CIA LOCAÇÃO DAS AMÉRICAS;Serviços Transporte e Logística;10.215.988/0001-60;www.unidas.com.br;A Companhia tem por objeto a atividade de locação de veículos nacionais e importados com ou sem motorista.
25011;SOMA3;GRUPO DE MODA SOMA;Têxtil e Vestuário;10.285.590/0001-08;http://www.somagrupo.com.br/ri;(i) a confecção de peças do vestuário, exceto roupas íntimas e as confeccionadas sob medida e (ii) o comércio varejista de artigos de vestuário e acessórios de qualquer material.
22179;AFLT3;AFLUENTE TRANSMISSÃO DE ENERGIA ELÉTRICA;Energia Elétrica;10.338.320/0001-00;http://ri.neoenergia.com/;Transmissão de Energia Elétrica
22187;PRIO3;PETRO RIO;Petróleo e Gás;10.629.105/0001-68;www.petroriosa.com.br;A Companhia tem por objeto a participação em outras sociedades como sócia, acionista ou quotista, no país ou no exterior, desde que visando à consecução de atividades relacionadas à energia.
23310;CVCB3;CVC BRASIL OPERADORA E AGÊNCIA DE VIAGENS;Hospedagem e Turismo;10.760.260/0001-19;http://www.cvc.com.br/ri;Serviços de turismo, compreendendo a intermediação, individualmente ou na forma agregada, de passagens aéreas, transporte terrestre, reservas de hotéis, passagens de cruzeiros marítimos, entre outros.
25704;SOJA3;BOA SAFRA SEMENTES;Alimentos;10.807.374/0001-77;www.boasafrasementes.com.br;Produção de sementes certificadas, exceto de forrageiras para pasto.Comércio atacadista de sementes, flores, plantas e gramas.
14362;CEPE3 CEPE5 CEPE6;CIA ENERGETICA DE PERNAMBUCO - CELPE;Energia Elétrica;10.835.932/0001-08;http://ri.neoenergia.com/;Estudar, projetar, construir e explorar os sistemas de distribuição e comercialização aos consumidores finais de energia elétrica, bem como a geraçãa de energia elétrica em sistema isolado.
24350;FLEX;FLEX GESTÃO DE RELACIONAMENTOS;Comunicação e Informática;10.851.805/0001-00;www.flexbpo.com.br;A Companhia atua na prestação de serviços especializados de contact center ativo e receptivo e cobrança, fazendo gestão de relacionamento para clientes e seus consumidores.
25550;ORVR3;Orizon Valorização de Resíduos;Saneamento, Serv. Água e Gás;11.421.994/0001-36;http://orizonvr.com.br/;Atuação na cadeia de gestão de resíduos: tratamento e destinação final de resíduos exploração do biogás, energia e créditos de carbono beneficiamento de resíduos e serviços de engenharia ambiental
22365;ENAT3;ENAUTA PARTICIPAÇÕES;Emp. Adm. Part. - Petróleo e Gás;11.669.021/0001-10;www.enauta.com.br;Participação em sociedades que se dediquem à exploração, produção e comercialização de petróleo, gás natural e seus derivados, seja como sócio ou cionista ou outras formas de associações.
22217;APER3;ALPER CONSULTORIA E CORRETORA DE SEGUROS;Emp. Adm. Part. - Seguradoras e Corretoras;11.721.921/0001-60;https://www.alperseguros.com.br;A Companhia tem por objeto social a corretagem e administração de seguros de todos os ramos, participação no capital social de outras sociedades e prestação de serviços de consultoria empresarial.
25135;BOAS3;Boa Vista Serviços;Comunicação e Informática;11.725.176/0001-27;https://www.boavistaservicos.com.br/;Atividades de cobrança e informações cadastrais Concessão de crédito pelas OSCIP holdings de instituições não-financeiras consultoria em tecnologia da informação e suporte técnico e manutenção.
22497;QUAL3;QUALICORP CONSULTORIA E CORRETORA DE SEGUROS;Emp. Adm. Part. - Seguradoras e Corretoras;11.992.680/0001-93;www.qualicorp.com.br;Prestação de serviços e gestão de benefícios de assistência à saúde.
21067;MDNE3;MOURA DUBEUX ENGENHARIA;Construção Civil, Mat. Constr. e Decoração;12.049.631/0001-84;www.mouradubeux.com.br;Compra e venda de imóveis, locação, desmembramento ou loteamento de terrenos,incorporação imobiliária ou construção de imóveis destinados à venda, participação em outrassociedades.
25291;RRRP3;3R Petroleum Óleo e Gás;Petróleo e Gás;12.091.809/0001-55;http://ri.3rpetroleum.com.br/;Exploração e produção de petróleo e gás natural.
25046;DMVF3;D1000 VAREJO FARMA PARTICIPAÇÕES;Comércio (Atacado e Varejo);12.108.897/0001-50;www.d1000varejofarma.com.br/ri;A Companhia tem por objeto a participação, como sócia ou acionista, em outras sociedades do varejo farmacêutico, nacionais ou estrangeiras.
25283;AERI3;AERIS IND. E COM. DE EQUIP. PARA GER. DE ENG.;Máquinas, Equipamentos, Veículos e Peças;12.528.708/0001-07;www.ri.aerisenergy.com.br;Exploração de negócio de construção e comercialização de pás de rotores para turbinas utilizadas na geração eólica de energia.
24961;AMBP3;AMBIPAR PARTICIPAÇÕES E EMPREENDIMENTOS;Saneamento, Serv. Água e Gás;12.648.266/0001-24;;Gerenciamento e valorização de resíduos, bem como, prestação de serviços de atendimento a emergência.
22675;HBSA3;HIDROVIAS DO BRASIL;Serviços Transporte e Logística;12.648.327/0001-53;www.hbsa.com.br;Operador de logística hidroviária para clientes de commodities agrícolas, minerais, combustíveis e derivados e carga, integrando o transporte por barcaças com operação de terminais de origem e destino
1120;BGIP3 BGIP4;BANCO ESTADO DE SERGIPE - BANESE;Bancos;13.009.717/0001-46;www.banese.com.br;
24694;SBFG3;Grupo SBF;Comércio (Atacado e Varejo);13.217.485/0001-11;https://ri.gruposbf.com.br/;A Companhia tem por objeto social (a) administração de bens próprios e, (b) a participação, como sócia ou acionista, em outras empresas.
24317;BKBR;BK BRASIL OPERAÇÃO E ASSESSORIA A RESTAURANTES SA;Alimentos;13.574.594/0001-96;www.burgerking.com.br/ri;Prestação de serviços de operação e assessoria a restaurantes
25232;CASH3;MÉLIUZ;Comunicação e Informática;14.110.585/0001-07;https://www.meliuz.com.br/;Portal virtual para veiculação e divulgação de marcas, produtos e outros materiais, locação de espaço publicitário, intermediação de negócios, licenciamento de softwares e participação em sociedades.
25887;NINJ3;GetNinjas;Comunicação e Informática;14.127.813/0001-51;ri.getninjas.com.br;A Companhia é uma plataforma inovadora, disponível para sistemas Android, iOS e web, presente em todos os Estados do Brasil e conecta digitalmente profissionais de variadas áreas a potenciais clientes
25518;WEST3;WESTWING COMÉRCIO VAREJISTA;Comércio (Atacado e Varejo);14.776.142/0001-50;http://www.westwing.com.br;Comércio físico e digital varejista de móveis e artigos domésticos em geral, vestuário e bens e acessórios de uso pessoal serviços de design de interiores e arquitetura.
25402;HBRE3;HBR Realty Empreendimentos Imobiliários;Construção Civil, Mat. Constr. e Decoração;14.785.152/0001-51;http://hbrrealty.com.br/;Deter patrimônio constituído por bens imóveis e direitos a eles relativos administrar bens imóveis próprios e de terceiros e participar, como sócia ou acionista, em outras sociedades.
12696;SNSY3 SNSY5 SNSY6;SANSUY INDUSTRIA DE PLASTICOS;Petroquímicos e Borracha;14.807.945/0001-24;www.sansuy.com.br;INDÚSTRIA E COMÉRCIO DE ARTEFATOS PLÁSTICOS
4863;CORR3 CORR4;CORREA RIBEIRO COMERCIO E INDUSTRIA;Construção Civil, Mat. Constr. e Decoração;15.101.405/0001-93;www.crci.com.br;
11398;CRPG3 CRPG6 CRPG5;TRONOX PIGMENTOS DO BRASIL;Petroquímicos e Borracha;15.115.504/0001-24;http:\\www.cristal-al.com.br;
14524;CEEB3 CEEB5 CEEB6;CIA ELETRICIDADE EST. DA BAHIA - COELBA;Energia Elétrica;15.139.629/0001-94;http://ri.neoenergia.com/;Serviço Público de Distribuição de Energia Elétrica
3069;FESA3 FESA4;CIA FERRO LIGAS DA BAHIA - FERBASA;Metalurgia e Siderurgia;15.141.799/0001-03;www.ferbasa.com.br;Fabricação e comercialização dos diversos tipos de ferroligas
3115;CSAB3 CSAB4;CIA SEGUROS ALIANCA DA BAHIA;Seguradoras e Corretoras;15.144.017/0001-90;www.alba.com.br;COMPANHIA DE SEGUROS
22845;BSEV3;BIOSEV;Agricultura (Açúcar, Álcool e Cana);15.527.906/0001-36;www.biosev.com;Produção, processamento, industrialização, distribuição e comercialização de cana-de-açúcar e seus derivados, açúcar e etanol entre outros.
13986;SUZB3;SUZANO;Papel e Celulose;16.404.287/0001-55;www.suzano.com.br/ri;Indústria e Comércio de Papel e Celulose
22349;ARZZ3;AREZZO INDÚSTRIA E COMÉRCIO;Têxtil e Vestuário;16.590.234/0001-76;www.arezzoco.com.br;O principal ramo de atividade da Companhia é a industrialização e a comercialização de artigos de couro e de plástico em geral, incluindo sapatos, bolsas e acessórios.
21350;DIRR3;DIRECIONAL ENGENHARIA;Construção Civil, Mat. Constr. e Decoração;16.614.075/0001-00;www.direcional.com.br/ri;Incorporação, construção e comercialização de imóveis próprios ou de terceiros e prestação de serviços de engenharia.
19739;RENT3;LOCALIZA RENT A CAR;Serviços Transporte e Logística;16.670.085/0001-55;www.localiza.com;Aluguel de carros e gestão de frotas
25690;MATD3;HOSPITAL MATER DEI;Serviços médicos;16.676.520/0001-59;www.materdei.com.br;
25275;AVLL3;ALPHAVILLE;Construção Civil, Mat. Constr. e Decoração;16.811.931/0001-00;https://www.alphavilleurbanismo.com.br/;Holding controladora da Alphaville Urbanismo S.A., controlada esta que atua no setor de urbanismo e desenvolvimento de empreendimentos imobiliários.
25259;ENJU3;ENJOEI;Comércio (Atacado e Varejo);16.922.038/0001-51;https://www.enjoei.com.br/;"Plataforma digital de compra e venda de para produtos usados, por meio da criação de ""lojas virtuais"" pelos próprios usuários"
2453;CMIG3 CMIG4;CIA ENERGETICA DE MINAS GERAIS - CEMIG;Energia Elétrica;17.155.730/0001-64;www.cemig.com.br;Concessionária de serviço público de energia elétrica.
9954;RPAD3 RPAD6 RPAD5;ALFA HOLDINGS;Emp. Adm. Part. - Intermediação Financeira;17.167.396/0001-69;www.bancoalfa.com.br;Emp. Adm. Part. - Intermediação Financeira
3891;CRIV3 CRIV4;FINANCEIRA ALFA- CRED FINANC E INVS;Bancos;17.167.412/0001-13;www.financeiraalfa.com.br;A Sociedade tem por objeto a prática de todas as operações de crédito, financiamento e investimentos permitidas pelas leis e regulamentos aplicáveis à espécie.
1325;BMEB3 BMEB3 BMEB4 BMEB4;BANCO MERCANTIL DO BRASIL;Bancos;17.184.037/0001-10;http://www.mercantildobrasil.com.br;Finanças, Banco Múltiplo
4707;BRGE3 BRGE8 BRGE5 BRGE7 BRGE6 BRGE11 BRGE12;CONSORCIO ALFA DE ADMINISTRACAO;Emp. Adm. Part. - Intermediação Financeira;17.193.806/0001-46;www.bancoalfa.com.br;A sociedade tem por objeto social: a)todos e quaisquer serviços de engenharia permitidos pelas leis e regulamentos aplicáveis à espécieb)atuar como representante, administradora ou procurad
3077;CEDO3 CEDO4;CIA FIACAO TECIDOS CEDRO CACHOEIRA;Têxtil e Vestuário;17.245.234/0001-00;www.cedro.com.br;Indústria têxtil
19445;CSMG3;CIA SANEAMENTO DE MINAS GERAIS-COPASA MG;Saneamento, Serv. Água e Gás;17.281.106/0001-03;www.copasa.com.br;Prestar Serviços de Saneamento.
23574;MEAL3;INTERNATIONAL MEAL COMPANY ALIMENTACAO;Alimentos;17.314.329/0001-20;www.internationalmealcompany.com;Setor de Varejo de Alimentação
23159;BBSE3;BB SEGURIDADE PARTICIPAÇÕES;Seguradoras e Corretoras;17.344.597/0001-94;www.bbseguridaderi.com.br;Participação no capital social de outras sociedades, que tenham por atividade operações de seguros, resseguros, previdências complementar ou capitalização.
25836;DOTZ3;Dotz;Comunicação e Informática;18.174.270/0001-84;https://ri.dotz.com.br;desenvolvimento e gerenciamento de programa de fidelização de clientes em razão do consumo de bens e serviços oferecidos por parceiros comercialização de direitos de resgate e prêmios.
25089;PETZ3;Pet Center Comércio e Participações;Comércio (Atacado e Varejo);18.328.118/0001-09;http://www.petz.com.br;Importação, exportação e comércio (inclusive via internet e-commerce) de artigos para animais, plantas, flores, sementes hospital veterinário, consultório, clínica veterinária, banho/tosa e hotel.
24236;PRNR3;PRINER SERVIÇOS INDUSTRIAIS;Construção Civil, Mat. Constr. e Decoração;18.593.815/0001-97;www.priner.com.br;Prestação de serviços industriais, principalmente nos segmentos petroquímico, óleo e gás, siderurgia, papel e celulose e químico.
24090;PARD3;INSTITUTO HERMES PARDINI;Serviços médicos;19.378.769/0001-76;http://www3.hermespardini.com.br/ri;Prestação de serviços de medicina diagnóstica.
24384;GNDI3;Notre Dame Intermédica Participações;Emp. Adm. Part. - Serviços médicos;19.853.511/0001-84;http://ri.gndi.com.br;Prestação de serviços de assistência à saúde e odontológica.
23507;OFSA3;OURO FINO SAUDE ANIMAL PARTICIPACOES;Emp. Adm. Part. - Comércio (Atacado e Varejo);20.258.278/0001-70;http://ri.ourofino.com/;Participação em outras sociedades que execerçam atividades de desenvolvimento, fabricação e comercialização de produtos destinados ao setor de saúde animal.
4081;CTSA3 CTSA4;CIA TECIDOS SANTANENSE;Têxtil e Vestuário;21.255.567/0001-89;www.santanense.com.br;Indústria têxtil
23825;MOVI3;MOVIDA PARTICIPACOES SA;Serviços Transporte e Logística;21.314.559/0001-66;http://ri.movida.com.br/;Aluguel de carros e gestão de frotas
20621;FHER3;FERTILIZANTES HERINGER - EM RECUPERAÇÃO JUDICIAL;Petroquímicos e Borracha;22.266.175/0001-88;www.heringer.com.br;Produção, comercialização e distribuição de fertilizantes, com atuação nacional.
23795;CXSE3;CAIXA SEGURIDADE PARTICIPAÇÕES;Emp. Adm. Part. - Seguradoras e Corretoras;22.543.331/0001-00;www.ri.caixaseguridade.com.br;Participar, direta ou indiretamente, do capital de outras sociedades relacionadas a seguridade e corretagem de seguros.
3158;CTNM3 CTNM4;CIA TECIDOS NORTE DE MINAS COTEMINAS;Têxtil e Vestuário;22.677.520/0001-76;www.ctnm.com.br;Holding
24716;VAMO3;VAMOS LOCAÇÃO DE CAMINHÕES, MÁQUINAS E EQUIPAMENTOS;Emp. Adm. Part. - Serviços Transporte e Logística;23.373.000/0001-32;http://www.grupovamos.com.br/;Locação de caminhões, máquinas e equipamentos pesados e a prestação de serviços de manutenção de frota, tanto preventiva, quanto corretiva.
25070;PLPL3;Plano & Plano Desenvolvimento Imobiliário;Construção Civil, Mat. Constr. e Decoração;24.230.275/0001-80;www.planoeplanori.com.br;(i) incorporação, construção e comercialização de empreendimentos imobiliários (ii) locação de imóveis próprios (iii) administração de carteira de recebíveis de financiamentos, empréstimos imobiliár
25186;GMAT3;GRUPO MATEUS;Emp. Adm. Part. - Comércio (Atacado e Varejo);24.990.777/0001-09;https://ri.grupomateus.com.br/;Holdings de instituições não financeiras, participação no capital de outras sociedades, na condição de acionista, sócia ou quotista, em caráter permanente ou temporário, como controladora ou coligada.
25062;LAVV3;Lavvi Empreendimentos Imobiliários;Construção Civil, Mat. Constr. e Decoração;26.462.693/0001-28;www.lavvi.com.br;Incorporadora Imobiliária
25488;POWE3;Focus Energia Holding Participações;Emp. Adm. Part. - Energia Elétrica;26.735.020/0001-02;ri.focusenergia.com.br;
22012;MILS3;MILLS ESTRUTURAS E SERVIÇOS DE ENGENHARIA;Construção Civil, Mat. Constr. e Decoração;27.093.558/0001-15;www.mills.com.br;SERVIÇOS ESPECIAIS DE ENGENHARIA E LOCAÇÃO DE PLATAFORMA
1155;BEES3 BEES4;BANESTES - BANCO EST ESPIRITO SANTO;Bancos;28.127.603/0001-78;www.banestes.com.br;Intermediação Financeira inerente aos Bancos Múltiplos por meio das carteiras autorizadas, inclusive Operações de Câmbio.
20958;ABCB4;BANCO ABC BRASIL;Bancos;28.195.667/0001-06;www.abcbrasil.com.br;O Banco tem por objeto a prática de operações ativas, passivas e acessórias inerentes às respectivas carteiras autorizadas pelo Banco Central do Brasil.
22985;NRTQ3;NORTEC QUÍMICA;Farmacêutico e Higiene;29.950.060/0001-57;www.nortecquimica.com.br;Química Fina, Ciências da Vida, fabricantes de Insumos Farmacêuticos Ativos - matéria-prima para a Indústria Farmacêutica
21121;SULA3 SULA11 SULA4;SUL AMERICA;Emp. Adm. Part. - Seguradoras e Corretoras;29.978.814/0001-87;www.sulamerica.com.br;A Sul América S.A. é uma sociedade de participação e suas controladas atuam nos setores de seguros, previdência complementar, administração de recursos e assistência à saúde.
25844;TEGA3;TEGRA INCORPORADORA;Emp. Adm. Part. - Const. Civil, Mat. Const. e Decoração;30.213.493/0001-09;www.tegraincorporadora.com.br;A Companhia tem como foco de suas atividades a incorporação e construção de empreendimentos residenciais de médio e alto padrão.
13366;HAGA3 HAGA4;HAGA INDUSTRIA E COMERCIO;Metalurgia e Siderurgia;30.540.991/0001-66;www.haga.com.br;INDUSTRIA METALÚRGICA - FAB. DE FECHADURAS P/CONSTRUÇÃO CIVIL
25755;MODL3 MODL4 MODL11;BANCO MODAL;Bancos;30.723.886/0001-62;http://ri.modal.com.br;A Companhia tem por objeto social a prestação de serviços de banco múltiplo, nas carteiras comercial e de investimento, bem com realização de operações no mercado de câmbio.
25461;MBLY3;MOBLY;Comércio (Atacado e Varejo);31.553.627/0001-01;www.mobly.com.br;Intermediação, importação, exportação e comércio varejista de móveis e artigos domésticos em geral serviços de montagem comércio varejista de materiais de construção em geral e outros.
24783;NTCO3;Natura &Co Holding;Farmacêutico e Higiene;32.785.497/0001-97;https://ri.naturaeco.com/;Gestão de participações societárias em sociedades que desenvolvam suas atividades principais no ramo de beleza.
9512;PETR3 PETR4;PETROLEO BRASILEIRO PETROBRAS;Petróleo e Gás;33.000.167/0001-01;http://www.petrobras.com.br;Pesquisa, lavra, refinação, processamento, comércio e transporte de petróleo, de seus derivados, de gás natural e de outros hidrocarbonetos fluidos, além das atividades vinculadas à energia.
8087;LAME3 LAME4;LOJAS AMERICANAS;Comércio (Atacado e Varejo);33.014.556/0001-96;http://ri.lasa.com.br;Comércio em geral, inclusive supermercado e lanchonete, lojas de conveniência, no varejo e no atacado, através de Lojas e Depósitos, de quaisquer mercadorias, bem como a realização de serviços.
7811;JFEN3;JOAO FORTES ENGENHARIA - Em Recuperação Judicial;Construção Civil, Mat. Constr. e Decoração;33.035.536/0001-00;www.joaofortes.com.br/ri;Incorporação e construção de imóveis execução por administração de obras de construção civil.
8540;MERC3 MERC4;MERCANTIL BRASIL FINANC C.F.I.;Bancos;33.040.601/0001-87;www.mercantildobrasil.com.br;Crédito, Financiamento e Investimentos
6505;VVAR3;VIA VAREJO;Comércio (Atacado e Varejo);33.041.260/0652-90;www.viavarejo.com.br/ri;
3050;CBEE3;AMPLA ENERGIA E SERVICOS;Energia Elétrica;33.050.071/0001-58;http://www.eneldistribuicao.com.br/rj;Distribuição de energia elétrica
8893;MOAR3;MONTEIRO ARANHA;Emp. Adm. Part. - Sem Setor Principal;33.102.476/0001-92;www.monteiroaranha.com.br;HOLDING - PARTICIPAÇÃO SOCIETÁRIA
11207;TCNO3 TCNO4;TECNOSOLO ENGENHARIA - EMPRESA EM RECUPERAÇÃO JUDICIAL;Construção Civil, Mat. Constr. e Decoração;33.111.246/0001-90;www.tecnosolo.com.br;
20028;VLID3;VALID SOLUÇÕES;Gráficas e Editoras;33.113.309/0001-47;www.valid.com;Impressão de Documentos de Segurança.
6700;HOOT4;HOTEIS OTHON - EM RECUPERAÇÃO JUDICIAL;Hospedagem e Turismo;33.200.049/0001-47;www.ciahoteisothon.com.br;Prestação de Serviços na Indústria Hoteleira
11070;WLMM3 WLMM4;WLM PART. E COMÉRCIO DE MÁQUINAS E VEÍCULOS;Emp. Adm. Part. - Máqs., Equip., Veíc. e Peças;33.228.024/0001-51;www.wlm.com.br;Comércio a varejo e por atacado de caminhões, automóveis, camionetas, utilitários novos e usados, máquinas, equipamentos, instalação e manutenção. Holding de instituições não-financeira.
18465;UGPA3;ULTRAPAR PARTICIPACOES;Emp. Adm. Part. - Petróleo e Gás;33.256.439/0001-39;www.ultra.com.br;Atuação na cadeia de óleo e gás por meio da Ipiranga, Ultragaz e Ultracargo, especialidades químicas através da Oxiteno e varejo farmacêutico com a Extrafarma.
24180;IRBR3;IRB - BRASIL RESSEGUROS;Seguradoras e Corretoras;33.376.989/0001-91;http://ri.irbre.com;Operações de resseguro e retrocessão
10880;SOND3 SOND6 SOND5;SONDOTECNICA ENGENHARIA SOLOS;Construção Civil, Mat. Constr. e Decoração;33.386.210/0001-19;www.sondotecnica.com.br;Serviços de Engenharia.
9989;RPMG3;REFINARIA DE PETROLEOS MANGUINHOS;Petróleo e Gás;33.412.081/0001-96;www.refit.com.br;Fabricação de produtos de refino de petróleo.
11231;TKNO3 TKNO4;TEKNO - INDUSTRIA E COMERCIO;Emp. Adm. Part. - Metalurgia e Siderurgia;33.467.572/0001-34;www.tekno.com.br;Pintura de Bobinas e Chapas Metálicas
4170;VALE3;VALE;Extração Mineral;33.592.510/0001-54;www.vale.com;Mineração
24805;VIVA3;Vivara Participações;Comércio (Atacado e Varejo);33.839.910/0001-11;https://ri.vivara.com.br;Participação em outras sociedades, na qualidade de quotistas, ou acionistas holding de instituições não-financeiras e agente de propriedade intelectual.
16616;CEGR3;CIA DISTRIB DE GAS DO RIO DE JANEIRO-CEG;Saneamento, Serv. Água e Gás;33.938.119/0001-69;www.naturgy.com.br;Distribuição de gás natural na região metropolitana do Estado do Rio de Janeiro.
11592;UNIP3 UNIP6 UNIP5;UNIPAR CARBOCLORO;Petroquímicos e Borracha;33.958.695/0001-78;www.unipar.com;Atuar no setor de soda, cloro e derivados, podendo participar como sócia ou acionista de outras sociedades, direta ou indiretamente, inclusive por meio de fundos de investimentos.
1309;BMIN3 BMIN4;BANCO MERCANTIL DE INVESTIMENTOS;Bancos;34.169.557/0001-72;www.bancobmi.com.br;Investimentos / Financiamentos
24295;BRDT3;PETROBRAS DISTRIBUIDORA;Comércio (Atacado e Varejo);34.274.233/0001-02;www.br.com.br;Distribuição e venda de álcool carburante, biodísel, gasolina e demais derivados de petróleo, incluindo lubrificantes, assim como gás natural.
23302;QUSW3;QUALITY SOFTWARE;Emp. Adm. Part. - Comunicação e Informática;35.791.391/0001-94;www.quality.com.br;Serviços nos Setores de informática, auditoria de sistemas softwares treinamentos,desenvolvimento de sistemas de suporte técnico hardware e software em geral design gráfico e editoração eletronica.
23817;BRQB;BRQ SOLUCOES EM INFORMATICA;Comunicação e Informática;36.542.025/0001-64;www.brq.com;Prestação de Serviços de Tecnologia da Informação (TI) - Informática
25640;AESB3;AES BRASIL ENERGIA;Energia Elétrica;37.663.076/0001-07;http://ri.aesbrasil.com.br;HOLDING DE INSTITUIÇÕES NÃO FINANCEIRAS
25747;IFCM3;INFRACOMMERCE CXAAS;Comércio (Atacado e Varejo);38.456.921/0001-36;http://www.ri.infracommerce.com.br;"Soluções digitais integradas a partir de um ""white-label digital ecosystem"" para clientes liderarem suas jornadas de digitalização no go-to-market, levando uma experiência excepcional ao consumidor."
4820;BRKM3 BRKM6 BRKM5;BRASKEM;Petroquímicos e Borracha;42.150.391/0001-70;www.braskem.com.br;Produção de produtos químicos, utilidades, energia elétrica e outrosprestação de serviços industriaisparticipação em outras sociedadeslocação de bens representação/consignação de produtos químicos
20710;LOGN3;LOG-IN LOGISTICA INTERMODAL;Serviços Transporte e Logística;42.278.291/0001-24;www.loginlogistica.com.br;A Log-In oferece soluções logísticas integradas através do transporte marítimo em navios porta-contêineres, terminal portuário, terminais intermodais e transporte rodoviário de curta distância.
23590;WIZS3;WIZ SOLUÇÕES E CORRETAGEM DE SEGUROS;Emp. Adm. Part. - Seguradoras e Corretoras;42.278.473/0001-03;www.wizsolucoes.com.br;Corretagem de seguros de todos os ramos, assessoria e consultoria na área de seguros em geral, intermediação e desenvolvimento de soluções em negócios, sem especificação definida, dentre outros.
15458;EPAR3;EMBPAR PARTICIPAÇÕES;Emp. Adm. Part. - Sem Setor Principal;42.331.462/0001-31;www.battistella.com.br;Com.de caminhões e ônibus SCANIA, seus acessórios e prest.serv.assist.técnica Industrializ.e com. de madeiras Prestação de serviços sob a forma de trading company Partic. em outras sociedades.
24058;AALR3;CENTRO DE IMAGEM DIAGNOSTICOS;Serviços médicos;42.771.949/0001-35;http://ri.alliar.com;Prestação de serviços de medicina diagnóstica,
6815;IGBR3;IGB ELETRONICA- EM RECUPERACAO JUDICIAL;Máquinas, Equipamentos, Veículos e Peças;43.185.362/0001-07;www.grupogradiente.com.br;Eletroeletrônica
20524;EVEN3;EVEN CONSTRUTORA E INCORPORADORA;Construção Civil, Mat. Constr. e Decoração;43.470.988/0001-65;www.even.com.br;Construção, incorporação e loteamento.
14443;SBSP3;CIA SANEAMENTO BASICO EST SAO PAULO;Saneamento, Serv. Água e Gás;43.776.517/0001-80;ri.sabesp.com.br;Abastecimento de água, esgotamento sanitário, drenagem e manejo de águas pluviais urbanas, limpeza urbana, manejo de resíduos sólidos e energia.
20346;PFRM3;PROFARMA DISTRIB PROD FARMACEUTICOS;Comércio (Atacado e Varejo);45.453.214/0001-51;www.profarma.com.br;Profarma atua na distribuição de produtos farmacêuticos, higiene pessoal e cosméticos, nos mais populosos estados brasileiros.
701;BAHI3;BAHEMA EDUCAÇÃO;Emp. Adm. Part. - Educação;45.987.245/0001-92;http://www.bahema.com.br;Prestação de serviços educacionais, diretamente ou por meio de participação em outras sociedades, nas áreas de educação pré-escolar, infantil e básica (ensino fundamental ao ensino médio)
14826;PCAR3;CIA BRASILEIRA DE DISTRIBUICAO;Comércio (Atacado e Varejo);47.508.411/0001-56;www.gpari.com.br;Comércio Varejista
22470;MGLU3;MAGAZINE LUIZA;Comércio (Atacado e Varejo);47.960.950/0001-21;www.magazineluiza.com.br;Somos uma rede varejista e atuamos com foco na comercialização de bens duráveis no Brasil.
20877;HBOR3;HELBOR EMPREENDIMENTOS;Construção Civil, Mat. Constr. e Decoração;49.263.189/0001-02;http://www.helbor.com.br;Incorporação de Imoveis
21440;LLIS3;RESTOQUE COMÉRCIO E CONFECÇÕES DE ROUPAS;Emp. Adm. Part. - Comércio (Atacado e Varejo);49.669.856/0001-43;www.lelis.com.br;(a) confecção de produtos em geral, através de terceiros (b) importação e exportação (c) exploração de comércio e indústria de confecção de produtos em geral.
12190;BOBR3 BOBR4;BOMBRIL;Farmacêutico e Higiene;50.564.053/0001-03;www.bombril.com.br;1080
19836;CSAN3;COSAN;Agricultura (Açúcar, Álcool e Cana);50.746.577/0001-15;www.cosan.com.br;Produção de Açúcar, Etanol e Cogeração de Energia, Distribuição de Combustíveis,Produção e Distribuição de Lubrificantes,Tranporte e Carregamento de Açúcar, Operador de Terras e Distribuição de Gás.
11762;VULC3;VULCABRAS;Têxtil e Vestuário;50.926.955/0001-42;www.vulcabrasazaleiari.com.br;Representantes comerciais e agentes do comércio de têxteis, vestuário, calçados e artigos de viagem.
21334;NUTR3;NUTRIPLANT INDUSTRIA E COMERCIO;Agricultura (Açúcar, Álcool e Cana);51.128.999/0001-90;www.nutriplant.com.br/ri;Industria e comércio de fertilizantes para agricultura.
20494;IGTA3;IGUATEMI EMPRESA DE SHOPPING CENTERS S.A;Comércio (Atacado e Varejo);51.218.147/0001-93;www.iguatemi.com.br;Empresa full service no setor de shopping centers. Suas atividades englobam a concepção, oplanejamento, o desenvolvimento e a administração de shopping centers regionais e complexosimobiliários.
20516;SMTO3;SAO MARTINHO;Agricultura (Açúcar, Álcool e Cana);51.466.860/0001-56;www.saomartinho.com.br;Fabricação e comércio de açúcar, álcool e derivados.
13471;PLAS3;PLASCAR PARTICIPACOES INDUSTRIAIS;Emp. Adm. Part. - Máqs., Equip., Veíc. e Peças;51.928.174/0001-50;;Participação em outras empresas
22020;JSLG3;JSL;Serviços Transporte e Logística;52.548.435/0001-79;www.jsl.com.br/ri;
19992;TOTS3;TOTVS;Comunicação e Informática;53.113.791/0001-22;www.totvs.com;Prestação de serviços de consultoria, assessoria e desenvolvimento de sistemas informatizados (software), atividades de pesquisa e inovação tecnológica, prestação de serviços relacionados à gestão.
5770;EUCA3 EUCA4;EUCATEX INDUSTRIA E COMERCIO;Construção Civil, Mat. Constr. e Decoração;56.643.018/0001-66;www.eucatex.com.br/ri;Indústria e Comércio de chapas de fibra de madeira
1694;BMKS3;BICICLETAS MONARK;Brinquedos e Lazer;56.992.423/0001-90;www.monark.com.br;Fabricação e Comercialização de Bicicletas
20125;ODPV3;ODONTOPREV;Serviços médicos;58.119.199/0001-51;www.odontoprev.com.br/ri;Operadora de planos odontológicos
24627;BLAU3;Blau Farmacêutica;Farmacêutico e Higiene;58.430.828/0001-60;www.blau.com.br/ri;A Companhia dedica-se à fabricação, comercialização, pesquisa e desenvolvimento de medicamentos de alta complexidade.
14346;WHRL3 WHRL4;WHIRLPOOL;Máquinas, Equipamentos, Veículos e Peças;59.105.999/0001-86;www.whirlpool.com.br;Fabricação e comercialização de eletrodomésticos
21199;BPAN4;BANCO PAN;Bancos;59.285.411/0001-13;www.bancopan.com.br;Banco múltiplo com carteira comercial
25208;TFCO4;TRACK & FIELD CO;Têxtil e Vestuário;59.418.806/0001-47;www.tfco.com.br;Atuação no varejo dos setores de vestuário, acessórios e calçados, dentre outros.
13447;PPAR3;POLPAR;Emp. Adm. Part. - Sem Setor Principal;59.789.545/0001-71;www.polpar.com.br;Participação em outras empresas
9393;PMAM3;PARANAPANEMA;Metalurgia e Siderurgia;60.398.369/0004-79;www.paranapanema.com.br;Metalurgia do cobre e suas ligas
8575;LEVE3;MAHLE-METAL LEVE;Máquinas, Equipamentos, Veículos e Peças;60.476.884/0001-87;www.mahle.com.br;Industria e comércio de peças e componentes para motores a combustão
10472;SLED3 SLED4;SARAIVA LIVREIROS - EM RECUPERAÇÃO JUDICIAL;Comércio (Atacado e Varejo);60.500.139/0001-26;http://www.saraivari.com.br;Edição, indústria e comércio de livros e publicações em geral.
24953;ALPK3;ALLPARK EMPREENDIMENTOS, PARTICIPAÇÕES E SERVIÇOS;Serviços Transporte e Logística;60.537.263/0001-66;https://ri.estapar.com.br;Outras atividades de publicidade não especificadas anteriormente gestão de ativos intangíveis não-financeiros outras atividades de serviços pessoais não especificadas anteriormente.
8672;JPSA3;JEREISSATI PARTICIPACOES;Emp. Adm. Part. - Telecomunicações;60.543.816/0001-93;www.jereissati.com.br;
9067;NEMO3 NEMO5 NEMO6;SUZANO HOLDING;Emp. Adm. Part. - Papel e Celulose;60.651.809/0001-05;www.suzanoholding.com.br;Sociedade Holding - Participação como acionista ou quotista no capital social de outras sociedades
3654;MSPA3 MSPA4;CIA MELHORAMENTOS DE SAO PAULO;Papel e Celulose;60.730.348/0001-66;http://www.ciamelhoramentos.com.br;
906;BBDC3 BBDC4;BANCO BRADESCO;Bancos;60.746.948/0001-12;www.bradesco.com.br;Prática de operações bancárias em geral, inclusive câmbio
1384;BRIV3 BRIV4;BANCO ALFA DE INVESTIMENTO;Bancos;60.770.336/0001-65;www.bancoalfa.com.br;Operações permitidas à sociedade da espécie em lei, atividades de administração de carteira de valores mobiliários, consultoria de valores mobiliários e operações de câmbio.
21881;FLRY3;FLEURY;Serviços médicos;60.840.055/0001-31;www.fleury.com.br/ri;(i) prestação de serviços médicos e medicina diagnóstica (ii) consultoria, assessoria, cursos, gestão de doenças crônicas (iii) pesquisa e desenvolvimento (iv) a prestação de serviços a terceiros
1520;BDLL3 BDLL4;BARDELLA INDUSTRIAS MECANICAS EM RECUPERAÇÃO JUDICIAL;Máquinas, Equipamentos, Veículos e Peças;60.851.615/0001-53;www.bardella.com.br;Bens de capital, Produtos e Serviços para os segmentos de Metalurgia, Movimentação de Materiais, Óleo e Gás, Energia e Aços Laminados e Trefilados, para os mercados nacionais e internacional
19348;ITUB3 ITUB4;ITAU UNIBANCO HOLDING;Bancos;60.872.504/0001-23;www.itau.com.br/relacoes-com-investidores;A sociedade tem por objeto a atividade bancária em todas as modalidades autorizadas, inclusive a de operações de câmbio.
9083;NORD3;NORDON INDUSTRIAS METALURGICAS;Metalurgia e Siderurgia;60.884.319/0001-59;www.nordon.ind.br;A Sociedade tem como atividade operacional preponderante a produção de bens de capital destinados ao mercado interno e externo para os setores químico, petrolífero, petroquímico, criogenia, alimentíci
14320;USIM3 USIM6 USIM5;USINAS SID DE MINAS GERAIS-USIMINAS;Metalurgia e Siderurgia;60.894.730/0001-05;www.usiminas.com;Venda de produtos siderúrgicos, como Chapas Grossas, Laminados a quente, a frio, placas, galvanizados, entre outros.
2577;CESP3 CESP6 CESP5;CESP - CIA ENERGETICA DE SAO PAULO;Energia Elétrica;60.933.603/0001-78;https://ri.cesp.com.br/;Geração e Comercialização de Energia Elétrica
4723;CALI3 CAL4;CONSTRUTORA ADOLPHO LINDENBERG;Construção Civil, Mat. Constr. e Decoração;61.022.042/0001-18;http://www.lindenberg.com.br/relacao;
8397;MGEL3 MGEL4;MANGELS INDUSTRIAL;Emp. Adm. Part. - Metalurgia e Siderurgia;61.065.298/0001-02;www.mangels.com.br;Produção de relaminados, trefilados e perfilados de aço, exceto arames.
16306;RSID3;ROSSI RESIDENCIAL;Construção Civil, Mat. Constr. e Decoração;61.065.751/0001-80;www.rossiresidencial.com.br;Compra e venda de imóveis, desmembramento e loteamento de terrenos, incorporação imobiliária, construção de imóveis destinados à venda, e a participação em outras sociedades.
10456;ALPA3 ALPA4;ALPARGATAS;Têxtil e Vestuário;61.079.117/0001-05;www.alpargatas.com.br;Indústria e comércio de calçados e artigos esportivos
8427;ESTR4;MANUFATURA DE BRINQUEDOS ESTRELA;Brinquedos e Lazer;61.082.004/0001-50;www.estrela.com.br;Fabricação de Brinquedos e Jogos Recreativos
2100;CAMB3;CAMBUCI;Têxtil e Vestuário;61.088.894/0001-08;www.cambuci.com.br/investidores;
5762;ETER3;ETERNIT - Em Recuperação Judicial;Construção Civil, Mat. Constr. e Decoração;61.092.037/0001-81;www.eternit.com.br/ri;Industrialização e comercialização de produtos de fibrocimento, cimento, concreto, gesso, produtos de matéria plástica, bem como outros materiais de construção e respectivos acessórios.
11932;MYPK3;IOCHPE MAXION;Máquinas, Equipamentos, Veículos e Peças;61.156.113/0001-75;www.iochpe.com.br;Fabricação e comercialização de produtos do setor automotivo e equipamentos ferroviários.
12823;APTI3 APTI4;SIDERURGICA J. L. ALIPERTI;Metalurgia e Siderurgia;61.156.931/0001-78;www.aliperti.com.br;Fabricação de peças e acessórios para o sistema de direção e suspensão de veículos automotores
24600;BMGB4;BANCO BMG;Bancos;61.186.680/0001-74;www.bancobmg.com.br/ri;Prática de todas as operações ativas, passivas e acessórias permitidas nas normas legais e regulamentares para o funcionamento dos bancos com carteira comercial, de investimento, inclusive câmbio
22055;AMAR3;MARISA LOJAS;Comércio (Atacado e Varejo);61.189.288/0001-89;www.marisa.com.br/ri;Comércio varejista de artigos do vestuário e acessórios, prestação de serviços de correspondente bancário, intermediação de negócios e congêneres, atuação como representante de seguros.
11975;AZEV3 AZEV4;AZEVEDO E TRAVASSOS;Construção Civil, Mat. Constr. e Decoração;61.351.532/0001-68;www.azevedotravassos.com.br;Execução de obras de construção pesada junto à orgãos púbicos.
1562;BALM3 BALM4;BAUMER;Metalurgia e Siderurgia;61.374.161/0001-30;www.baumer.com.br;Fabricação aparelhos e instrumentos p/ uso medico hospitalar e ortopedia
19623;DASA3;DIAGNOSTICOS DA AMERICA;Serviços médicos;61.486.650/0001-83;www.dasa3.com.br;Análises Clínicas e Medicina Diagnóstica
7617;ITSA3 ITSA4;ITAÚSA;Emp. Adm. Part. - Intermediação Financeira;61.532.644/0001-15;www.itausa.com.br;Gestão de Participações Societárias (Holding)
3190;REDE3;REDE ENERGIA PARTICIPAÇÕES;Energia Elétrica;61.584.140/0001-49;https://ri.energisa.com.br/;Participação em outras empresas (A Rede Energia Participações é uma holding)
5258;RADL3;RAIA DROGASIL;Comércio (Atacado e Varejo);61.585.865/0001-51;ri.rd.com.br;Comércio de Produtos Farmacêuticos, Perfumarias e Afins
15636;CGAS3 CGAS5;CIA GAS DE SAO PAULO - COMGAS;Emp. Adm. Part. - Saneamento, Serv. Água e Gás;61.856.571/0001-17;www.comgas.com.br;Setor de atividade: Utilidade Pública: Distribuição de gás natural canalizado.
9415;AHEB3 AHEB5 AHEB6;SAO PAULO TURISMO;Emp. Adm. Part. - Hospedagem e Turismo;62.002.886/0001-60;www.spturis.com;CESSÃO DE ÁREAS PARA EVENTOS
20567;PINE4;BANCO PINE;Bancos;62.144.175/0001-20;www.pine.com;Banco regional brasileiro, de capital aberto, que há mais de vinte anos destaca-se em financiar e assessorar grandes e médias empresas.
25526;CSED3;CRUZEIRO DO SUL EDUCACIONAL;Educação;62.984.091/0001-02;https://www.cruzeirodosuleducacional.edu.br/;Atividades relacionadas à prestação de serviços do setor de educação e áreas associadas, administração de bens próprios e participação em outras sociedades.
24228;CAML3;CAMIL ALIMENTOS;Alimentos;64.904.295/0001-03;www.camilalimentos.com.br;Industrialização e comercialização de arroz, feijão, pescados e açúcar.
20451;RDNI3;RNI NEGÓCIOS IMOBILIÁRIOS;Construção Civil, Mat. Constr. e Decoração;67.010.660/0001-24;http://rni.com.br/;(i) a compra e venda de imóveis (ii) o desmembramento ou loteamento de terrenos (iii) a incorporação imobiliária ou construção de imóveis destinados à venda (iv) a prestação de serviços a terceiros
20702;VIVR3;VIVER INCORP. E CONSTRUTORA - Em RECUPERAÇÃO JUDICIAL;Construção Civil, Mat. Constr. e Decoração;67.571.414/0001-41;http://www.viver.com.br;Construção, incorporação, aquisição de créditos com lastro em ativos imobiliários, obras paradas, vendas, repasse, cobrança, assistência técnica, negociação de dívidas e processos judiciais.
20931;BEEF3;MINERVA;Alimentos;67.620.377/0001-14;www.minervafoods.com/ri;Líder na América do Sul na exportação de carne bovina in natura e seus derivados, e que atua também no segmento de processados.
21148;TEND3;CONSTRUTORA TENDA;Construção Civil, Mat. Constr. e Decoração;71.476.527/0001-35;www.tenda.com;
14460;CYRE3;CYRELA BRAZIL REALTYEMPREEND E PART;Construção Civil, Mat. Constr. e Decoração;73.178.600/0001-18;www.cyrela.com.br;Incorporação Imobiliária
24171;CRFB3;ATACADÃO;Emp. Adm. Part. - Comércio (Atacado e Varejo);75.315.333/0001-09;www.grupocarrefourbrasil.com.br;Comércio varejista e atacadista de mercadorias em geral Carga e descarga Correspondentes de instituições financeiras Atividades de teleatendimento Serviços de Alimentação entre outros
14311;CPLE3 CPLE6 CPLE5;CIA PARANAENSE DE ENERGIA - COPEL;Energia Elétrica;76.483.817/0001-20;http://ri.copel.com/;Geração, Transmissão, Comercialização e Distribuição de Energia Elétrica
18627;SAPR3 SAPR4 SAPR11;CIA SANEAMENTO DO PARANA - SANEPAR;Saneamento, Serv. Água e Gás;76.484.013/0001-45;http://ri.sanepar.com.br/;EXPLORAÇÃO DE SERVIÇOS PÚBLICOS E DE SISTEMAS PRIVADOS DE ABASTECIMENTO DE ÁGUA, DE COLETA, REMOÇÃO E DESTINAÇÃO FINAL DE EFLUENTES E RESÍDUOS SÓLIDOS DOMÉSTICOS E INDUSTRIAIS E SEUS SUBPRODUTOS.
11312;OIBR3 OIBR4;OI - Em Recuperação Judicial;Telecomunicações;76.535.764/0001-43;www.oi.com.br/ri;
14761;HGTX3;CIA HERING;Têxtil e Vestuário;78.876.950/0001-71;www.ciahering.com.br;Confecção de artigos do vestuário e acessórios
16861;CASN3 CASN4;CIA CATARINENSE DE AGUAS E SANEAM.-CASAN;Saneamento, Serv. Água e Gás;82.508.433/0001-17;www.casan.com.br;Atuar como instituição integrante do sistema de saneamento básico e de saúde do Estado de Santa Catarina através dos serviços de captação, tratamento e distribuição de água e tratamento de esgoto.
11223;TEKA3 TEKA4;TEKA-TECELAGEM KUEHNRICH - Em Recuperação Judicial;Têxtil e Vestuário;82.636.986/0001-55;www.teka.com.br;Fabricação de artigos de Cama, Mesa e Banho
4146;CTKA3 CTKA4;KARSTEN;Têxtil e Vestuário;82.640.558/0001-04;www.karstensa.com.br;Fabricação, exportação, importação e o comércio atacadista e varejista de fios, tecidos e produtos têxteis em geral.
5380;EALT3 EALT4;ELECTRO ACO ALTONA;Metalurgia e Siderurgia;82.643.537/0001-34;www.altona.com.br;Fundição de Ferro e Aço
25453;INTB3;Intelbras;Comércio (Atacado e Varejo);82.901.000/0001-27;https://ri.intelbras.com.br/;A Companhia tem como atividade principal a exploração da indústria de eletrônicos.
7544;TRXR3 TXRX4;TEXTIL RENAUXVIEW;Têxtil e Vestuário;82.982.075/0001-80;www.renauxview.com.br;Fiação e tecelagem de algodão
13773;PTBL3;PBG;Construção Civil, Mat. Constr. e Decoração;83.475.913/0001-91;http://ri.portobello.com.br;
2461;CLSC3 CLSC4;CENTRAIS ELET DE SANTA CATARINA;Energia Elétrica;83.878.892/0001-55;www.celesc.com.br;Holding do Setor de Energia
5410;WEGE3;WEG;Emp. Adm. Part. - Máqs., Equip., Veíc. e Peças;84.429.695/0001-11;http://ri.weg.net;A WEG SA é uma sociedade de participação não operacional (holding) etambém sociedade de comando do Grupo WEG.
5207;DOHL3 DOHL4;DOHLER;Têxtil e Vestuário;84.683.408/0001-03;www.dohler.com.br;Tecelagem de Fios de Algodão e Fibras sintéticas
11991;MWET3 MWET4;WETZEL EM RECUPERAÇÃO JUDICIAL;Metalurgia e Siderurgia;84.683.671/0001-94;www.wetzel.com.br;Fabricação de peças e acessórios para sistema motor de veículos automotores
14664;SHUL3 SHUL4;SCHULZ;Metalurgia e Siderurgia;84.693.183/0001-68;www.schulzsa.com;Indústria Metalúrgica
13439;RSUL3 RSUL4;METALURGICA RIOSULENSE;Máquinas, Equipamentos, Veículos e Peças;85.778.074/0001-06;https://ri.riosulense.com.br/;
8753;MTSA3 MTSA4;METISA METALURGICA TIMBOENSE;Metalurgia e Siderurgia;86.375.425/0001-09;www.metisa.com.br;Fabricação de máquinas e equipamentos para a agricultura e pecuária, peças e acessórios, exceto para irrigação.
19658;FRTA3;POMIFRUTAS;Agricultura (Açúcar, Álcool e Cana);86.550.951/0001-50;www.pomifrutas.com.br;POMICULTURA PRODUÇÃO, COMERCIALIZAÇÃO E EXPORTAÇÃO
13285;JOPA3 JOPA4;JOSAPAR-JOAQUIM OLIVEIRA - PARTICIP;Emp. Adm. Part. - Alimentos;87.456.562/0001-22;http://www.josapar.com.br;Beneficiamento de Arroz e Participações
3298;HBTS5;CIA HABITASUL DE PARTICIPACOES;Emp. Adm. Part. - Crédito Imobiliário;87.762.563/0001-03;www.habitasul.com.br;Participação em sociedades, civis ou comerciais prestação de serviços técnicos de planejamento, organização e estruturação de empresas ou grupos empresariais.
6211;FRAS3;FRAS-LE;Máquinas, Equipamentos, Veículos e Peças;88.610.126/0001-29;http://ri.fras-le.com.br;Indústria de Autopeças e Materiais de Fricção
5312;MNDL3;MUNDIAL - PRODUTOS DE CONSUMO;Têxtil e Vestuário;88.610.191/0001-54;www.mundial.com;Componentes diversos para Indústria de calçados confecções, artigos de cuidados pessoais e de cultelaria.
8451;POMO3 POMO4;MARCOPOLO;Máquinas, Equipamentos, Veículos e Peças;88.611.835/0001-29;www.marcopolo.com.br;Indústria e comércio de ônibus e carrocerias para ônibus, suas partes, peças e componentes
9539;PTNT3 PTNT4;PETTENATI INDUSTRIA TEXTIL;Têxtil e Vestuário;88.613.658/0001-10;www.pettenati.com.br;
14109;RAPT3 RAPT4;RANDON IMPLEMENTOS E PARTICIPACOES;Máquinas, Equipamentos, Veículos e Peças;89.086.144/0001-16;ri.randon.com.br;Indústria e comércio de veíc. automotores e rebocados para a movimentação e o de transporte de materiais de implem para o transp rodoviário e ferroviário e de aparelhos mecânicos, peças
20745;SLCE3;SLC AGRICOLA;Agricultura (Açúcar, Álcool e Cana);89.096.457/0001-55;www.slcagricola.com.br;Produção e comercialização de algodão, soja, milho, entre outros.
20060;LUPA3;LUPATECH - EM RECUPERAÇÃO JUDICIAL;Máquinas, Equipamentos, Veículos e Peças;89.463.822/0001-12;www.lupatech.com.br;Fabricante de equipamentos e provedor de serviços para o setor de Petróleo e Gás.
12653;KLBN3 KLBN4 KLBN11;KLABIN;Papel e Celulose;89.637.490/0001-45;www.klabin.com.br;Empresa brasileira de base florestal. Produtora de papéis e cartões para embalagens, embalagens de papelão ondulado e sacos industriais, além de ser recicladora e produtora de toras para serrarias.
19615;GRND3;GRENDENE;Têxtil e Vestuário;89.850.341/0001-60;http://www.grendene.com.br/;Fabricação de calçados em geral
13765;MNPR3;MINUPAR PARTICIPACOES;Emp. Adm. Part. - Alimentos;90.076.886/0001-40;www.minupar.com.br;Participação em outras empresas, bem como criação, abate, industrialização, comercialização,importação e exportação de carnes e produtos derivados de aves, e prestação de serviços aterceiros.
20532;SANB3 SANB4 SANB11;BANCO SANTANDER (BRASIL);Bancos;90.400.888/0001-42;www.santander.com.br;Banco Múltiplo com Carteira Comercial
22780;UCAS3;UNICASA INDÚSTRIA DE MÓVEIS;Construção Civil, Mat. Constr. e Decoração;90.441.460/0001-48;http://www.unicasamoveis.com.br;Indústria, comércio, prestação de serviços, importação e exportação de produtos relacionados ao ramo de mobiliário em geral, planejado e modulado de madeira, ferro, aço, alumínio e outros materiais.
12572;RCSL3 RCSL4;RECRUSUL;Máquinas, Equipamentos, Veículos e Peças;91.333.666/0001-17;www.recrusul.com.br;Produção e comercialização de implementos rodoviários e equipamentos para refrigeração industrial.
24201;STTR3;STARA - INDÚSTRIA DE IMPLEMENTOS AGRÍCOLAS;Máquinas, Equipamentos, Veículos e Peças;91.495.499/0001-00;www.stara.com.br;Indústria, comércio, importação e exportação de máquinas e implementos agrícolas.
6076;FNCN3;FINANSINOS- CREDITO FINANC E INVEST;Bancos;91.669.747/0001-92;www.finansinos.com.br;FINANCIAMENTO DE BENS E SERVIÇOS - INTERMEDIAÇÃO FINANCEIRA
7870;KEPL3;KEPLER WEBER;Emp. Adm. Part. - Metalurgia e Siderurgia;91.983.056/0001-69;www.kepler.com.br;Indústria e comércio de produtos e matérias primas relacionadas a metalurgia, importação e exportação, prestação de serviços, comércio de produtos destinados a agroindústria.
4537;CGRA3 CGRA4;GRAZZIOTIN;Comércio (Atacado e Varejo);92.012.467/0001-70;www.grazziotin.com.br;Comércio Varejista de Vesturio e Bazar.
8192;LUXM3 LUXM4;TREVISA INVESTIMENTOS;Emp. Adm. Part. - Sem Setor Principal;92.660.570/0001-26;www.trevisa.com.br;Part. Capital outras empresas qualquer setor econômico.Locação de conjuntos comerciais.
9342;PNVL3 PNVL4;DIMED DISTRIBUIDORA DE MEDICAMENTOS;Comércio (Atacado e Varejo);92.665.611/0001-77;www.grupodimed.com.br/ri;Comercio atacadista e varejista de medicamentos e produtos de perfumaria e toucador
94;PATI3 PATI4;PANATLANTICA;Metalurgia e Siderurgia;92.693.019/0001-89;www:panatlantica.com.br;Industrialização e Comercialização de Aços Planos.
1210;BRSR3 BRSR6 BRSR5;BANCO ESTADO DO RIO GRANDE DO SUL;Bancos;92.702.067/0001-96;www.banrisul.com.br/ri;Banco Múltiplo atuante nas carteiras comercial, crédito, financiamento e investimento, crédito imobiliário, desenvolvimento e arrendamento mercantil e de investimentos.
3204;EEEL3 EEEL4;CIA ESTADUAL GER.TRANS.ENER.ELET-CEEE-GT;Energia Elétrica;92.715.812/0001-31;www.ceee.com.br;Geração e Transmissão de Energia Elétrica
6629;HETA3 HETA4;HERCULES FABRICA DE TALHERES;Metalurgia e Siderurgia;92.749.225/0001-63;http://www.hercules.ind.br;Fabricação e a comercialização de toda a espécie de talheres e outros artigos de mesa para uso doméstico, artigos de adorno, beleza, higiene, móveis, material escolar, de escritório e profissional.
8133;LREN3;LOJAS RENNER;Comércio (Atacado e Varejo);92.754.738/0001-62;www.lojasrenner.com.br;Loja de Departamentos (Comércio Varejista)
6173;TASA3 TASA4;TAURUS ARMAS;Máquinas, Equipamentos, Veículos e Peças;92.781.335/0001-02;www.taurusri.com.br;Indústria e comércio de armas
2429;RANI3;IRANI PAPEL E EMBALAGEM;Papel e Celulose;92.791.243/0001-03;www.irani.com.br;Fabricação de papel para embalagem, embalagens de papelão ondulado e resinas.
1570;BAUH3 BAUH4;EXCELSIOR ALIMENTOS;Alimentos;95.426.862/0001-97;www.excelsior.ind.br;Atua na produção e comercialização de patês em bisnagas, sendo seus principais produtos: presuntos, fiambres, mortadelas, linguiças, salsichas e patês.
25038;LJQQ3;Lojas Quero Quero;Comércio (Atacado e Varejo);96.418.264/0218-02;http://www.queroquero.com.br/;Comércio varejista especializado em material de construção, eletrodomésticos e móveis.
4693;ODER3 ODER4;CONSERVAS ODERICH;Alimentos;97.191.902/0001-94;www.oderich.com.br;Indústria de alimentos com sede na cidade de São Sebastião do Caí (RS) e filiais nas cidades de Eldorado do Sul (RS), Pelotas (RS), Orizona (GO) e Salvador (BA).
21091;DTEX3;DURATEX;Construção Civil, Mat. Constr. e Decoração;97.837.181/0001-47;www.duratex.com.br;Fabricação, Comércio, Importação e Exportação de Produtos derivados de Madeira, de Produtos de Metais e Materiais Cerâmicos
26069;ARML3;ARMAC LOCAÇÃO, LOGÍSTICA E SERVIÇOS;Serviços Transporte e Logística;00.242.184/0001-04;https://armac.com.br/;Locação de máquinas e equipamentos pesados
16292;BRFS3;BRF;Emp. Adm. Part. - Alimentos;01.838.723/0001-27;www.brf-br.com;Holding Operacional
26050;FIQE3;Unifique Telecomunicações;Emp. Adm. Part. - Telecomunicações;02.255.187/0001-08;http://ri.unifique.com.br;Serviços de comunicação multimídia - SCM, instalação e manutenção elétrica e serviços de telefonia fixa comutada - STFC
17868;nan nan;INEPAR EQUIPAMENTOS E MONTAGENS- EM RECUPERACAO JUDICIA;Máquinas, Equipamentos, Veículos e Peças;02.258.422/0001-97;www.inepar.com.br;Equipamentos e Montagens Industriais
26093;CLSA3;CLEAR SALE;Comunicação e Informática;03.802.115/0001-98;br.clear.sale;Desenvolvimento e licenciamento de programas de computador customizáveis
19100;ATMP3;ATMA PARTICIPAÇÕES;Emp. Adm. Part. - Comunicação e Informática;04.032.433/0001-80;www.atmasa.com.br;A ATMA Participações S.A. tem como objeto social a participação, direta e indireta, em outras sociedades comerciais e civis, como sócia, acionista ou quotista, no país ou no exterior.
22799;SQIA3;SENIOR SOLUTION;Comunicação e Informática;04.065.791/0001-99;www.sinqia.com.br;"Produção, desenvolvimento, licenciamento, sublicenciamento e distribuição de programas de computador (""software"") e outras atividades, conforme descritas no Estatuto Social da Companhia."
23981;CTCA3;CTC - CENTRO DE TECNOLOGIA CANAVIEIRA;Agricultura (Açúcar, Álcool e Cana);06.981.381/0001-13;www.ctc.com.br;Com sua atuação em biotecnologia e melhoramento genético o CTC busca busca promover o aumento da produtividade, a redução de custos e soluções agrícolas e industriais para o setor sucroenergético.
21490;ALUP11;ALUPAR INVESTIMENTO;Emp. Adm. Part. - Energia Elétrica;08.364.948/0001-38;www.alupar.com.br;a participação em outras sociedades atuantes nos setores de energia e infra-estrutura, no Brasil ou no exterior a geração, transformação, transporte, a distribuiçãoe o comércio de energia.
24279;INNT3;INTER CONSTRUTORA E INCORPORADORA;Construção Civil, Mat. Constr. e Decoração;09.611.768/0001-76;www.interconstrutora.com.br;Incorporação de empreendimentos imobiliários e construção de edifícios
26123;ONCO3;ONCOCLÍNICAS DO BRASIL SERVIÇOS MÉDICOS;Serviços médicos;12.104.241/0004-02;www.grupooncoclinicas.com/ri;Exploração de serviços médicos, participação em outras sociedades, nacionais ou estrangeiras, pesquisa e desenvolvimento experimental em ciências físicas e naturais, intermediação em pesquisa clínica.
25119;MELK3;Melnick Desenvolvimento Imobiliário;Emp. Adm. Part. - Const. Civil, Mat. Const. e Decoração;12.181.987/0001-77;https://ri.melnick.com.br;Construção, incorporação, loteamento e comercialização de condomínios e empreendimentos imobiliários de qualquer natureza.
25933;GRAO3;Humberg Agribrasil Comércio e Exportação de Grãos;Comércio (Atacado e Varejo);18.483.666/0001-03;www.agribrasil.net;Venda, compra, revenda e distribuição de produtos in natura de origem vegetal (cereais e grãos), a granel ou em contêineres, no/para o mercado interno e externo.
26085;BRIT3;BRISANET PARTICIPAÇÕES;Emp. Adm. Part. - Telecomunicações;19.796.586/0001-70;https://ri.brisanet.com.br;Participação em sociedades cujas atividades estejam relacionadas a serviços de telecomunicações e tecnologia
26077;TRAD3;TC TRADERS CLUB;Comunicação e Informática;26.345.998/0001-50;www.tc.com.br/ri;Desenvolvimento e gestão de plataformas para oferecer produtos e serviços para o mercado financeiro.
25445;ESPA3;MPM Corpóreos;Serviços médicos;26.659.061/0001-59;https://ri.espacolaser.com.br/;Participação como sócia de sociedades empresárias que desenvolvam atividades de depilação, estética facial, capilar e corporal e a comercialização de produtos cosméticos e de cuidados corporais.
13781;SCAR3;SAO CARLOS EMPREEND E PARTICIPACOES;Emp. Adm. Part. - Sem Setor Principal;29.780.061/0001-09;http://www.scsa.com.br;Compra e venda de imóveis prontos ou a construir locação de bens imóveis administração de empreendimentos imobiliários próprios ou de terceiros exercício de outras atividades correlatas e outros
22616;000000;BANCO BTG PACTUAL;Bancos;30.306.294/0001-45;https://www.btgpactual.com;A Companhia e suas controladas formam um grupo de prestação de serviços financeirossediado no Brasil, atuando como banco múltiplo, com carteira de investimento, nos termos dalegislação aplicável.
4030;4030;CIA SIDERURGICA NACIONAL;Metalurgia e Siderurgia;33.042.730/0001-04;www.csn.com.br;A Companhia Siderúrgica Nacional atua nos setores de mineração, siderurgia, logística, cimento e energia.
3980;GGBR3 GGBR4;GERDAU;Metalurgia e Siderurgia;33.611.500/0001-19;www.gerdau.com;Participação e Administração
26000;LAND3;Terra Santa Propriedades Agrícolas;Agricultura (Açúcar, Álcool e Cana);40.337.136/0001-06;https://terrasantapa.com.br/;Aquisição, administração e arrendamento de propriedades rurais com potencial de geração de valor por meio da valorização de terras e da receita de arrendamento das mesmas.
7510;ROMI3;INDUSTRIAS ROMI;Máquinas, Equipamentos, Veículos e Peças;56.720.428/0001-63;www.romi.com;Indústria e Comércio de Máquinas-Ferramenta
25984;CBAV3;COMPANHIA BRASILEIRA DE ALUMÍNIO;Extração Mineral;61.409.892/0001-73;www.cba.com.br/ri;Extração de minério de alumínio, serviços de usinagem, caldeira e montagem de maquinário.
7595;INEP3;INEPAR INDUSTRIA E CONSTRUCOES EM RECUPERACAO JUDICIAL;Máquinas, Equipamentos, Veículos e Peças;76.627.504/0001-06;www.inepar.com.br;Fabricação de equipamentos e sistemas elétricos , fabricação de torres e acessórios para transmissão de energia e telecomunicações, fabricação de bens de capital e sitemas industriais sob encomenda,
20362;POSI3;POSITIVO TECNOLOGIA;Comunicação e Informática;81.243.735/0001-48;www.positivotecnologia.com.br/ri;Fabricação de hardware.
6343;TUPY3;TUPY;Metalurgia e Siderurgia;84.683.374/0001-49;www.tupy.com.br;Produtos fundidos para os setores de transporte de carga, infraestrutura e agricultura / conexões em ferro fundido para aplicações em redes hidráulicas e de gás / perfis
8656;GOAU3 GOAU4;METALURGICA GERDAU;Emp. Adm. Part. - Metalurgia e Siderurgia;92.690.783/0001-09;www.gerdau.com;Participação e Administração
13854;713854 713854;CEMEPE INVESTIMENTOS;Emp. Adm. Part. - Sem Setor Principal;93.828.986/0001-73;www.cemepe.com.br;HOLDING
25143;;PACAEMBU CONSTRUTORA;Construção Civil, Mat. Constr. e Decoração;96.298.013/0001-68;http://ri.pacaembu.com/;desenvolvimento e realização de empreendimentos imobiliários, loteamentos e incorporações imobiliárias de imóveis próprios ou de terceiros
25925;;Bionexo;Comunicação e Informática;04.069.709/0001-02;www.bionexo.com/ri;Participação em outras empresas ou sociedades, negócios e empreendimentos desenvolvimento, licenciamento e implementação de softwares.
25895;LVTC33;LIVETECH DA BAHIA INDÚSTRIA E COMÉRCIO;Comércio (Atacado e Varejo);05.917.486/0001-40;http://www.ri.wdcnet.com.br;A Companhia tem como atividade principal a exploração da indústria de eletrônicos, incluindo a locação e comercialização de equipamentos de informática, eletrônicos, telecomunicações e comunicação.
18546;;CAGECE - CIA DE AGUA E ESGOTO DO CEARA;Saneamento, Serv. Água e Gás;07.040.108/0001-57;www.cagece.com.br;Captação, tratamento e distribuição de água
9520;;PETROLEO LUB DO NORDESTE SA;Petróleo e Gás;07.275.159/0001-68;www.petrolusa.com.br;FABRICAÇÃO DE IMPERMEABILIZANTES E SOLVENTES AFINS
23930;;BRASILIANA PARTICIPAÇÕES;Emp. Adm. Part. - Energia Elétrica;08.773.191/0001-36;www.brasilianaparticipacoes.com.br;Atividade primordial focada na participação de empresas do setor de energia elétrica brasileiro.
25348;;Elfa Medicamentos;Serviços médicos;09.053.134/0001-45;www.grupoelfa.com.br/ri;Prestação de serviços de distribuição e comércio de produtos farmacêuticos e hospitalares.
25852;;W2W E-COMMERCE DE VINHOS;Comércio (Atacado e Varejo);09.813.204/0001-16;www.wine.com.br;Plataforma digital de compra e venda de vinhos e produtos relacionados
23604;;YOU INC INCORPORADORA E PARTICIPAÇÃO S.A;Construção Civil, Mat. Constr. e Decoração;11.284.204/0001-18;www.youinc.com.br;(i)Incorporação de empreendimentos imobiliários (ii)loteamento (iii)construção civil (iv)compra, venda e administração de imóveis próprios, exceto corretagem e (v)participação em outras sociedades
22586;;MLOG;Emp. Adm. Part. - Sem Setor Principal;13.444.994/0001-87;www.mlog.com.br;Asgaard Navegação S.A e Companhia de Navegação do Amazônia - CNA em plena operação  Morro do Pilar Minerais S.A.- MOPI e Companhia de Desenvolvimento do Norte Capixaba-CDNC em fase pré-operacional.
24996;;RIVA 9 EMPREENDIMENTOS IMOBILIÁRIOS S.A;Construção Civil, Mat. Constr. e Decoração;13.457.942/0001-45;www.rivaincorporadora.com.br;Incorporação de empreendimentos imobiliários
1597;;PARTICIPAÇÕES INDUST. DO NORDESTE;Emp. Adm. Part. - Sem Setor Principal;14.308.514/0001-13;www.pin.com.br;Participação no capital de outras sociedades e prestação de serviços.
23620;;CBO HOLDING;Emp. Adm. Part. - Petróleo e Gás;14.882.295/0001-81;https://ri.grupocbo.com.br/;Participação, na qualidade de sócia ou por meio de outras modalidades de investimento, em outras empresas que atuem na prestação de serviços de apoio marítimo à indústria de óleo e gás.
25658;AGXY33;AgroGalaxy Participações;Comércio (Atacado e Varejo);21.240.146/0001-84;http://ri.agrogalaxy.com.br;Comércio de insumos agrícolas (fertilizantes, defensivos biológicos, inoculantes e sementes) e de grãos
23701;;ENCALSO PARTICIPAÇÕES EM CONCESSÕES;Emp. Adm. Part. - Sem Setor Principal;21.262.638/0001-70;http://www.encalsoparticipacoes.com.br;A Companhia tem por objeto social a participação, como sócia, sócia-quotista ou acionista, no capital de outras sociedades empresárias, no país e no exterior, qualquer que seja o objeto social.
25127;PASS53 PASS55 PASS56;Compass Gás e Energia;Emp. Adm. Part. - Saneamento, Serv. Água e Gás;21.389.501/0001-81;http://www.compassbr.com/;Holding de empresas do setor de gás combustível ou de subprodutos e derivados, bem como de água e energia elétrica.
25305;;PATRIMAR ENGENHARIA;Construção Civil, Mat. Constr. e Decoração;23.236.821/0001-27;www.patrimar.com.br/ri;Incorporação de empreendimentos imobiliários
25194;;TRIPLE PLAY BRASIL PARTICIPAÇÕES;Emp. Adm. Part. - Telecomunicações;23.438.929/0001-00;www.ri.conexaofibra.com.br;Participação em outras sociedades, como sócia ou acionista, no país ou no exterior.
25771;;Hospital Care Caledonia;Serviços médicos;25.249.439/0001-83;http://ri.hospitalcare.com.br;Atividades de consultoria em gestão empresarial e serviços combinados de escritório e apoio administrativo.
25810;;Athena Saúde Brasil;Emp. Adm. Part. - Serviços médicos;31.701.408/0001-14;http://ri.athenasaude.com.br;Gestão de participações societárias e a participação em sociedades dos setores de assistência médica, saúde suplementar e outros, bem como administração de bens próprios, no País ou no exterior.
3328;;CIA HIDRO ELÉTRICA DO SÃO FRANCISCO;Energia Elétrica;33.541.368/0001-16;www.chesf.gov.br;Produção e Transmissão de Energia Elétrica
25380;;EZ INC Incorporações Comerciais;Construção Civil, Mat. Constr. e Decoração;35.727.157/0001-06;ri.ezinc.com.br;Aquisição, incorporação imobiliária, loteamento e comercialização de empreendimentos imobiliários predominantemente comerciais, logísticos, industriais e híbridos
25631;;Kalunga;Comércio (Atacado e Varejo);43.283.811/0001-50;www.kalunga.com.br;Atividade de comércio atacadista de papelaria, artigos escolares, materiais para escritório,produtos de informática, além da prestação de serviços de gráfica rápida.
25763;VITT33;VITTIA FERTILIZANTES E BIOLÓGICOS;Agricultura (Açúcar, Álcool e Cana);45.365.558/0001-09;https://vittia.com.br/;Produção de fertilizantes especiais e defensivos biológicos.
25801;RBNS1111;Rodobens;Máquinas, Equipamentos, Veículos e Peças;59.981.829/0001-65;http://ri.rodobens.com.br;(i) a participação no capital social de outras sociedades (ii) a alocação e a gestão de recursos próprios e (iii) a consultoria estratégica e de gestão de negócios.
4448;;COBRASMA;Máquinas, Equipamentos, Veículos e Peças;61.080.313/0001-91;www.cobrasma.com.br;Construção e Reparação de Material Ferroviário
25429;;FARMÁCIA E DROGARIA NISSEI;Comércio (Atacado e Varejo);79.430.682/0001-22;https://ri.nisseisa.com.br/;Comércio varejista de produtos farmacêuticos, alimentos, cosméticos, e outros produtos, bem como o comércio atacadista de medicamentos e materiais em geral.
15407;;TERMINAIS PORTUARIOS PONTA DO FELIX;Serviços Transporte e Logística;85.041.333/0001-11;http://www.tppf.com.br;Obras portuárias, marítimas e fluviais, Navegação de apoio marítimo, Navegação de apoio portuário, Depósitos de mercadorias para terceiros, exceto armazéns geraiS.
13030;;CONSTRUTORA SULTEPA;Construção Civil, Mat. Constr. e Decoração;89.723.993/0001-33;www.sultepa.com.br;
26190;;CARAMURU ALIMENTOS;Alimentos;00.080.671/0001-00;https://ri.caramuru.com.br;Industrialização, produção, beneficiamento, processamento, comercialização exportação e importação de: cereais, sementes e frutos oleaginosos, insumos agropecuários e Biocombustíveis.
26174;;AES Brasil Operações;Emp. Adm. Part. - Energia Elétrica;00.194.724/0001-13;http://ri.aesbrasil.com.br;Geração e comercialização de energia elétrica
25224;;2W Energia;Energia Elétrica;08.773.135/0001-00;www.2wenergia.com.br;
26115;;Guararapes Painéis;Emp. Adm. Part. - Const. Civil, Mat. Const. e Decoração;08.810.422/0001-34;www.guararapes.com.br;Industrialização e comercialização de painéis prensados de fibras de madeira de média (MDF, MDP e HDF) e alta densidade e pisos laminados.
25976;;Yuny Incorporadora Holding;Construção Civil, Mat. Constr. e Decoração;09.267.996/0001-70;ri.yuny.com.br;Participação em outras sociedades empresariais, como sócia ou acionista compra e venda de bens imóveis ou móveis gestão de empreendimentos imobiliários.
23957;;SUGOI;Emp. Adm. Part. - Const. Civil, Mat. Const. e Decoração;13.584.310/0001-42;http://www.sugoisa.com.br/;CNAE 41.10-07-00 - Incorporação de empreendimentos imobiliários.
25321;;GranBio Investimentos;Emp. Adm. Part. - Agricultura (Açúcar, Álcool e Cana);14.191.427/0001-29;www.granbio.com.br/;Atuação, por meio de suas controladas, em atividades relacionadas à produção de bioquímicos e biocombustíveis
25542;LLBI43 LLBI44;Lojas Le Biscuit;Comércio (Atacado e Varejo);16.233.389/0001-55;https://www.lebiscuit.com.br/;
26131;;ENTALPIA PARTICIPAÇÕES;Emp. Adm. Part. - Máqs., Equip., Veíc. e Peças;32.803.503/0001-91;www.unicoba.com.br;Participação no capital social de sociedades que desenvolvam suas atividades principais no ramo de soluções de eficiência energética e armazenamento de energia.
26247;;WILSON SONS HOLDINGS BRASIL;Emp. Adm. Part. - Serviços Transporte e Logística;33.130.691/0001-05;wilsonsons.com.br;Administração dos bens da Companhia e participação no capital de outras sociedades.
26034;MLAS33;MULTILASER INDUSTRIAL;Comunicação e Informática;59.717.553/0001-02;www.multilaser.com.br;Fabricação de periféricos para equipamentos de informática
25992;;INTERCEMENT BRASIL;Construção Civil, Mat. Constr. e Decoração;62.258.884/0001-36;www.intercement.com;Mineração para fabricação de cimento, fabricação e comercialização de cimento, clínquer e materiais de construção correlatos.
25950;TTEN33;Três Tentos Agroindustrial;Agricultura (Açúcar, Álcool e Cana);94.813.102/0001-70;www.3tentos.com.br;Varejo de insumos agrícolas Recebimento e comercialização de grãos de soja, milho e trigo e Indústria, na cadeia de soja.
